,State,District,District Code,Assembly Constituency,AC Code,Total Population,Male,Female,Total Household,Agriculture (0-7),Land Improvement & Minor Irrigation (0-9),Animal Husbandry (0-6),Fisheries (0-2),Rural Housing (0-4),Drinking Water (0-3),Roads (0-8),Rural Electrification (0-3),Non-Conventional Energy (0-1),Maintenance of Community Assets (0-1),Fuel & Fodder (0-1),Libraries (0-1),Cultural Activities (0-1),Financial & Communication Infrastructure (0-9),Public Distribution System (0-2),Education (0-6),Vocational Education (0-2),Markets & Fairs (0-3),Health & Sanitation (0-11),Women & Child Development (0-7),Social Forestry (0-1),Family Welfare (0-1),Poverty Alleviation Programme (0-6),"Khadi, Village & Cottage Industries (0-3)",Small Scale Industries (0-1),Adult & Non-Formal Education (0-1)
0,RAJASTHAN (8),AJMER (86),86,Ajmer North(504),100.0,8825.0,4565.0,4260.0,2229.0,1.25,2.5,1.0,0.0,4.0,1.5,5.25,2.5,0.0,0.5,0.0,0.0,0.0,3.0,2.0,3.25,0.5,0.5,2.75,3.0,1.0,0.5,0.5,0.0,0.0,0.0
1,RAJASTHAN (8),AJMER (86),86,Beawar(672),103.0,27042.0,14426.0,12616.0,6809.0,0.775,1.825,0.675,0.05,4.0,0.95,5.3,2.3,0.05,0.25,0.65,0.0,0.2,4.075,1.05,2.025,0.25,0.55,3.75,2.375,0.05,0.15,0.875,0.0,0.0,0.0
2,RAJASTHAN (8),AJMER (86),86,Kekri(507),105.0,28923.0,14673.0,14250.0,11059.0,2.1666666666666665,2.7222222222222223,2.2222222222222223,0.0,3.7777777777777777,2.1111111111111107,5.333333333333333,2.6666666666666665,0.1111111111111111,0.4444444444444444,0.4444444444444444,0.1111111111111111,0.5555555555555556,4.833333333333333,0.7222222222222222,2.6111111111111107,0.3333333333333333,1.8333333333333333,2.7777777777777777,2.333333333333333,0.1111111111111111,0.6666666666666666,1.0555555555555556,0.0,0.3333333333333333,0.1111111111111111
3,RAJASTHAN (8),AJMER (86),86,Kishangarh(508),98.0,8990.0,4750.0,4233.0,1724.0,0.8888888888888888,2.2777777777777777,1.7222222222222223,0.0,3.888888888888889,1.5555555555555556,4.722222222222221,2.555555555555556,0.1111111111111111,0.2222222222222222,0.5555555555555556,0.0,0.2222222222222222,3.333333333333333,0.6111111111111112,2.055555555555556,0.2777777777777778,0.6666666666666666,3.388888888888889,2.5,0.0,0.1111111111111111,0.3333333333333333,0.0,0.1111111111111111,0.0
4,RAJASTHAN (8),AJMER (86),86,Masuda(509),104.0,42768.0,21995.0,20773.0,8421.0,0.8289473684210527,2.0394736842105257,1.618421052631579,0.0,3.842105263157895,0.6578947368421053,5.039473684210527,2.473684210526316,0.02631578947368421,0.15789473684210525,0.7631578947368421,0.02631578947368421,0.3684210526315789,3.421052631578948,1.118421052631579,2.026315789473684,0.2631578947368421,0.34210526315789475,3.013157894736842,2.473684210526316,0.13157894736842105,0.3684210526315789,0.3684210526315789,0.05263157894736842,0.13157894736842105,0.05263157894736842
5,RAJASTHAN (8),AJMER (86),86,Nasirabad(510),102.0,38513.0,19618.0,18895.0,7903.0,0.9333333333333332,1.9333333333333331,2.7333333333333334,0.26666666666666666,4.0,1.3333333333333333,5.4,2.466666666666667,0.06666666666666668,0.4666666666666667,1.0,0.0,0.26666666666666666,3.6,1.0666666666666669,2.4,0.16666666666666666,0.6666666666666666,3.9,1.7333333333333334,0.06666666666666668,0.2,0.3333333333333333,0.0,0.06666666666666668,0.0
6,RAJASTHAN (8),AJMER (86),86,Pushkar(511),99.0,37521.0,20744.0,16777.0,7150.0,1.25,2.55,2.9,0.0,4.0,1.5,5.6,2.7,0.0,0.7,0.6,0.1,0.5,4.95,1.75,3.8,0.4,1.15,4.55,3.05,0.4,0.6,0.1,0.0,0.0,0.0
7,RAJASTHAN (8),ALWAR (87),87,Alwar Rural(512),65.0,65297.0,35516.0,29767.0,10740.0,1.2258064516129032,3.806451612903226,1.435483870967742,0.03225806451612903,3.967741935483871,1.3225806451612905,5.145161290322581,2.467741935483871,0.1935483870967742,0.3548387096774194,0.5161290322580645,0.3548387096774194,0.2903225806451613,5.548387096774193,1.2741935483870968,2.5967741935483866,0.4838709677419355,1.0483870967741935,3.2096774193548385,3.3548387096774195,0.03225806451612903,0.3870967741935484,0.2419354838709677,0.16129032258064516,0.06451612903225806,0.16129032258064516
8,RAJASTHAN (8),ALWAR (87),87,Alwar urban(513),66.0,4781.0,2470.0,2296.0,863.0,1.3333333333333333,3.8333333333333335,0.3333333333333333,0.0,4.0,0.6666666666666666,4.833333333333333,1.6666666666666667,0.0,0.3333333333333333,0.3333333333333333,0.3333333333333333,0.3333333333333333,3.6666666666666665,1.0,2.333333333333333,0.5,0.6666666666666666,3.8333333333333335,2.333333333333333,0.0,0.6666666666666666,1.1666666666666667,0.0,0.0,0.0
9,RAJASTHAN (8),ALWAR (87),87,Bansur(601),63.0,73149.0,38447.0,34697.0,13290.0,1.7833333333333334,3.816666666666667,2.3,0.2,3.8333333333333335,1.6,5.366666666666666,2.4,0.16666666666666666,0.5333333333333333,0.5666666666666667,0.2,0.6666666666666666,4.9,1.75,3.3,0.5333333333333333,1.0666666666666669,4.333333333333333,3.8,0.26666666666666666,0.36666666666666653,0.3333333333333333,0.3,0.2333333333333333,0.16666666666666666
10,RAJASTHAN (8),ALWAR (87),87,Behror(514),62.0,34388.0,18126.0,14460.0,6448.0,1.2777777777777777,4.194444444444445,1.9722222222222223,0.0,4.0,2.2222222222222223,5.277777777777779,2.5,0.1111111111111111,0.3888888888888889,0.2222222222222222,0.05555555555555555,0.5555555555555556,5.472222222222222,1.4166666666666667,3.138888888888889,0.5833333333333334,0.6111111111111112,4.4444444444444455,3.2777777777777777,0.05555555555555555,0.6666666666666666,0.5277777777777778,0.05555555555555555,0.16666666666666666,0.16666666666666666
11,RAJASTHAN (8),ALWAR (87),87,Kathumar(540),69.0,35367.0,19060.0,16207.0,6528.0,1.1,2.825,1.45,0.05,3.95,1.1,5.0,2.05,0.0,0.35,0.2,0.15,0.2,4.375,1.45,2.55,0.375,0.375,3.85,3.025,0.1,0.4,0.225,0.05,0.1,0.05
12,RAJASTHAN (8),ALWAR (87),87,Kishangarh bas(515),60.0,34289.0,17845.0,16429.0,6284.0,0.9166666666666666,3.270833333333333,1.1666666666666667,0.0,3.9583333333333335,1.25,5.166666666666667,2.5,0.08333333333333333,0.20833333333333331,0.375,0.08333333333333333,0.4583333333333333,3.6458333333333335,0.875,2.395833333333333,0.4375,0.5416666666666666,3.583333333333333,3.1666666666666665,0.08333333333333333,0.2916666666666667,0.3541666666666667,0.0,0.0,0.0
13,RAJASTHAN (8),ALWAR (87),87,Mundawar(516),61.0,29871.0,16348.0,13502.0,6224.0,1.475,3.3,1.3,0.0,4.0,1.15,5.175,2.4,0.05,0.2,0.4,0.05,0.3,3.85,0.95,2.55,0.35,0.5,3.925,3.225,0.0,0.4,0.4,0.0,0.0,0.2
14,RAJASTHAN (8),ALWAR (87),87,Rajgarh laxmangarh(517),68.0,61060.0,32633.0,28337.0,10234.0,0.7222222222222222,2.8703703703703702,1.1666666666666667,0.037037037037037035,4.0,0.4074074074074074,4.37037037037037,2.4814814814814814,0.037037037037037035,0.25925925925925924,0.2222222222222222,0.1111111111111111,0.2962962962962963,3.5740740740740735,0.9629629629629628,2.6111111111111107,0.462962962962963,0.7407407407407407,3.4259259259259265,4.0740740740740735,0.07407407407407407,0.14814814814814814,0.7962962962962963,0.0,0.07407407407407407,0.2962962962962963
15,RAJASTHAN (8),ALWAR (87),87,Ramgarh(518),67.0,19385.0,10245.0,9140.0,3519.0,0.7692307692307693,2.8846153846153846,0.8076923076923077,0.07692307692307693,4.0,0.3076923076923077,5.230769230769232,2.5384615384615383,0.0,0.15384615384615385,0.2307692307692308,0.07692307692307693,0.07692307692307693,3.5384615384615383,1.3846153846153846,2.3076923076923075,0.3461538461538461,0.6923076923076923,3.0384615384615383,3.7307692307692313,0.0,0.38461538461538464,0.5769230769230769,0.0,0.07692307692307693,0.07692307692307693
16,RAJASTHAN (8),ALWAR (87),87,Thanagazi(583),64.0,14345.0,7533.0,6772.0,2356.0,0.8846153846153846,2.730769230769231,0.7692307692307693,0.07692307692307693,3.8461538461538463,0.6153846153846154,4.4230769230769225,2.4230769230769234,0.07692307692307693,0.38461538461538464,0.5384615384615384,0.07692307692307693,0.2307692307692308,3.692307692307693,1.3461538461538465,2.1923076923076925,0.3461538461538461,0.6153846153846154,2.5769230769230766,3.1153846153846154,0.15384615384615385,0.07692307692307693,0.07692307692307693,0.0,0.0,0.07692307692307693
17,RAJASTHAN (8),ALWAR (87),87,Tijara(519),59.0,49849.0,25814.0,22975.0,9785.0,1.1896551724137931,3.775862068965517,1.2241379310344829,0.10344827586206896,4.0,1.3103448275862069,4.913793103448277,2.103448275862069,0.10344827586206896,0.4482758620689655,0.1724137931034483,0.13793103448275862,0.4137931034482759,3.9137931034482767,1.1724137931034482,2.5689655172413794,0.4482758620689655,0.6896551724137931,4.206896551724138,3.310344827586207,0.03448275862068965,0.3448275862068966,0.4482758620689655,0.06896551724137931,0.03448275862068965,0.03448275862068965
18,RAJASTHAN (8),BANSWARA (88),88,Bagidora(520),165.0,59356.0,30764.0,28492.0,14158.0,1.4864864864864864,3.081081081081081,2.1486486486486487,0.0,2.5945945945945947,0.2432432432432433,4.297297297297297,1.6216216216216215,0.2972972972972973,0.5945945945945946,0.3783783783783784,0.054054054054054064,0.21621621621621626,2.783783783783784,0.7297297297297297,2.3648648648648654,0.2972972972972973,0.35135135135135137,3.4324324324324325,3.5,0.1891891891891892,0.2972972972972973,1.4054054054054057,0.027027027027027032,0.027027027027027032,0.054054054054054064
19,RAJASTHAN (8),BANSWARA (88),88,Banswara(521),164.0,56272.0,28075.0,27096.0,11585.0,2.413793103448276,3.997126436781609,2.3419540229885056,0.6954022988505747,3.0574712643678166,1.0919540229885056,5.790229885057472,2.126436781609195,0.1724137931034483,0.5114942528735632,0.3390804597701149,0.1896551724137931,0.6091954022988506,4.850574712643677,1.1810344827586206,3.247126436781609,0.6666666666666666,1.735632183908046,4.060344827586206,3.2241379310344827,0.3390804597701149,0.5747126436781609,1.3793103448275863,0.4137931034482759,0.13793103448275862,0.13793103448275862
20,RAJASTHAN (8),BANSWARA (88),88,Garhi(524),163.0,32767.0,17133.0,15508.0,7283.0,1.4166666666666667,4.4444444444444455,2.5277777777777777,0.1111111111111111,3.1666666666666665,0.6666666666666666,5.388888888888888,1.3888888888888888,0.05555555555555555,0.2222222222222222,0.1111111111111111,0.05555555555555555,0.16666666666666666,3.25,1.1666666666666667,2.805555555555556,0.19444444444444445,1.1388888888888888,3.5277777777777777,2.9444444444444446,0.1111111111111111,0.05555555555555555,1.5833333333333333,0.05555555555555555,0.05555555555555555,0.05555555555555555
21,RAJASTHAN (8),BANSWARA (88),88,Ghatol(525),162.0,82512.0,40434.0,39068.0,13305.0,1.9429824561403506,3.854385964912281,3.2780701754385966,0.0,3.721052631578948,1.186842105263158,5.25,1.437719298245614,0.17894736842105266,0.4842105263157894,0.4614035087719298,0.1087719298245614,0.5114035087719299,3.6526315789473687,0.7864035087719299,1.8399122807017545,0.4469298245614035,1.3460526315789474,3.230701754385965,2.867543859649123,0.2087719298245614,0.524561403508772,1.46359649122807,0.0,0.0,0.0
22,RAJASTHAN (8),BANSWARA (88),88,Kushalgarh(526),166.0,42738.0,21557.0,21089.0,9373.0,1.53125,1.953125,2.59375,0.03125,2.8125,0.15625,5.125,1.8125,0.5,0.46875,0.15625,0.03125,0.625,3.203125,0.671875,2.515625,0.328125,1.390625,3.109375,3.484375,0.09375,0.6875,1.8125,0.03125,0.0,0.09375
23,RAJASTHAN (8),BARAN (89),89,Anta(616),193.0,22190.0,11426.0,10641.0,3967.0,1.0,3.6818181818181817,1.3636363636363635,0.0,2.727272727272727,1.3636363636363635,5.045454545454546,2.090909090909091,0.0,0.18181818181818185,0.3636363636363637,0.0,0.6363636363636364,4.136363636363637,0.9545454545454546,2.090909090909091,0.2272727272727273,0.9090909090909092,3.9090909090909087,4.0,0.0,0.3636363636363637,1.2727272727272727,0.0,0.09090909090909093,0.0
24,RAJASTHAN (8),BARAN (89),89,Baran-atru(617),195.0,13781.0,7218.0,6563.0,2682.0,0.9,3.8666666666666663,1.8,0.06666666666666668,2.466666666666667,1.4,5.666666666666668,2.5,0.06666666666666668,0.3333333333333333,0.6666666666666666,0.06666666666666668,0.26666666666666666,3.2666666666666666,1.2,2.566666666666667,0.06666666666666668,0.8,4.0,4.033333333333333,0.0,0.4666666666666667,1.2666666666666666,0.06666666666666668,0.0,0.06666666666666668
25,RAJASTHAN (8),BARAN (89),89,Chhabra(618),196.0,15771.0,8661.0,7110.0,4263.0,0.5333333333333333,2.3,0.6,0.13333333333333333,3.0,0.26666666666666666,3.1333333333333333,1.8,0.0,0.06666666666666668,0.6666666666666666,0.0,0.06666666666666668,2.466666666666667,0.3,1.3333333333333333,0.13333333333333333,0.43333333333333335,2.6,3.733333333333333,0.3333333333333333,0.2,1.2,0.0,0.06666666666666668,0.0
26,RAJASTHAN (8),BARAN (89),89,Kishanganj(622),194.0,20943.0,11043.0,9900.0,4396.0,0.52,2.3,0.86,0.0,1.56,0.4,4.16,1.92,0.0,0.12,0.68,0.0,0.04,3.32,0.78,1.14,0.24,0.82,2.14,2.64,0.04,0.28,0.42,0.0,0.0,0.0
27,RAJASTHAN (8),BARAN (89),89,Malviya Nagar(597),54.0,1888.0,970.0,915.0,450.0,2.0,5.0,4.0,0.0,3.0,0.0,6.0,2.0,0.0,0.0,1.0,1.0,0.0,3.0,2.0,4.5,0.0,3.0,4.0,6.0,0.0,1.0,0.0,0.0,0.0,0.0
28,RAJASTHAN (8),BARMER (90),90,Barmer(528),135.0,1693.0,912.0,781.0,493.0,0.0,2.75,0.0,0.0,3.0,1.0,5.5,2.0,0.0,0.0,1.0,0.0,0.0,1.25,0.5,2.0,0.0,0.0,4.75,3.5,0.0,0.5,0.0,0.0,0.0,0.0
29,RAJASTHAN (8),BARMER (90),90,Baytoo(529),136.0,11956.0,6357.0,5499.0,2452.0,0.15625,0.375,0.875,0.0,2.3125,0.25,3.375,1.59375,0.0,0.1875,0.0625,0.0,0.0625,1.90625,0.53125,1.40625,0.0625,0.25,2.125,2.375,0.0,0.25,0.4375,0.0,0.0,0.0
30,RAJASTHAN (8),BARMER (90),90,Chohtan(530),140.0,24577.0,13042.0,11435.0,4321.0,0.2857142857142857,2.642857142857143,0.6071428571428571,0.0,2.9285714285714284,0.7857142857142857,4.392857142857143,1.7142857142857142,0.07142857142857142,0.42857142857142855,0.2857142857142857,0.0,0.35714285714285715,3.571428571428572,1.2142857142857142,2.75,0.10714285714285714,0.07142857142857142,2.607142857142857,1.6428571428571428,0.21428571428571427,0.14285714285714285,0.2857142857142857,0.0,0.0,0.0
31,RAJASTHAN (8),BARMER (90),90,Gudhamalani(531),139.0,25247.0,13071.0,12161.0,5165.0,0.1875,2.4375,0.375,0.0,2.5,0.525,4.0375,2.225,0.05,0.2,0.1,0.0,0.075,2.45,0.6625,1.7,0.0875,0.2,2.6125,2.9875,0.025,0.05,0.0375,0.0,0.0,0.025
32,RAJASTHAN (8),BARMER (90),90,Pachpadra(533),137.0,14374.0,7374.0,7000.0,2538.0,1.1666666666666667,0.7222222222222222,1.3333333333333333,0.0,3.555555555555556,0.8888888888888888,5.388888888888888,2.1111111111111107,0.2222222222222222,0.3333333333333333,0.3333333333333333,0.1111111111111111,0.2222222222222222,3.611111111111111,1.3333333333333333,2.333333333333333,0.05555555555555555,0.7222222222222222,3.8333333333333335,2.2222222222222223,0.1111111111111111,0.3333333333333333,0.5555555555555556,0.0,0.0,0.1111111111111111
33,RAJASTHAN (8),BARMER (90),90,Sheo(534),134.0,18601.0,9651.0,8950.0,4089.0,1.0833333333333333,0.9166666666666666,0.6666666666666666,0.0,3.0,0.8333333333333334,5.666666666666668,2.6666666666666665,0.16666666666666666,0.6666666666666666,0.5,0.0,0.5,4.666666666666667,1.75,4.0,0.3333333333333333,0.5833333333333334,4.5,1.8333333333333333,0.5,0.5,0.4166666666666667,0.16666666666666666,0.0,0.0
34,RAJASTHAN (8),BARMER (90),90,Siwana(535),138.0,9837.0,5203.0,4634.0,1717.0,1.3333333333333333,2.083333333333333,0.6666666666666666,0.0,3.5,1.3333333333333333,5.416666666666668,2.5,0.0,0.6666666666666666,0.6666666666666666,0.0,0.3333333333333333,4.833333333333333,1.75,3.4166666666666665,0.0,0.16666666666666666,4.5,3.75,0.3333333333333333,0.5,0.0,0.0,0.0,0.16666666666666666
35,RAJASTHAN (8),BHARATPUR (91),91,Bayana(536),76.0,31493.0,15481.0,15252.0,6472.0,1.1111111111111112,2.75,1.1111111111111112,0.0,3.888888888888889,0.7222222222222222,6.222222222222222,2.1111111111111107,0.1111111111111111,0.6111111111111112,0.4444444444444444,0.0,0.5,3.75,1.1666666666666667,2.833333333333333,0.4444444444444444,1.6944444444444444,3.1666666666666665,3.6944444444444446,0.1111111111111111,0.3888888888888889,0.4166666666666667,0.0,0.0,0.05555555555555555
36,RAJASTHAN (8),BHARATPUR (91),91,Bharatpur(537),73.0,20290.0,10895.0,9395.0,3406.0,1.1111111111111112,3.4444444444444446,1.1111111111111112,0.0,4.0,0.8888888888888888,5.277777777777779,2.555555555555556,0.0,0.3333333333333333,0.5555555555555556,0.0,0.0,4.722222222222221,1.5555555555555556,2.5,0.3333333333333333,0.8888888888888888,4.222222222222221,3.611111111111111,0.0,0.1111111111111111,0.4444444444444444,0.0,0.0,0.0
37,RAJASTHAN (8),BHARATPUR (91),91,Deeg-kumher(538),72.0,18246.0,9182.0,8607.0,3599.0,1.5454545454545454,2.272727272727273,1.4545454545454546,0.0,4.0,1.3636363636363635,5.454545454545454,2.5454545454545454,0.0,0.5454545454545454,0.18181818181818185,0.09090909090909093,0.7272727272727273,4.136363636363637,1.5,2.636363636363636,0.5454545454545454,2.090909090909091,4.409090909090909,3.727272727272727,0.09090909090909093,0.2727272727272727,0.6818181818181818,0.2727272727272727,0.3636363636363637,0.09090909090909093
38,RAJASTHAN (8),BHARATPUR (91),91,Kaman(539),70.0,12392.0,6402.0,5889.0,2161.0,1.25,3.0,0.9166666666666666,0.0,3.8333333333333335,0.8333333333333334,4.5,2.333333333333333,0.0,0.3333333333333333,0.3333333333333333,0.0,0.3333333333333333,3.9166666666666665,1.25,2.25,0.5833333333333334,1.25,3.9166666666666665,2.5,0.0,0.16666666666666666,0.3333333333333333,0.0,0.0,0.0
39,RAJASTHAN (8),BHARATPUR (91),91,Nadbai(541),74.0,31907.0,10253.0,9720.0,3759.0,1.5,2.96875,1.34375,0.0,3.9375,1.0625,5.0,2.0625,0.0,0.5,0.125,0.0625,0.625,3.71875,1.0,3.34375,0.40625,1.90625,3.6875,2.25,0.0,0.1875,0.46875,0.0,0.0625,0.0625
40,RAJASTHAN (8),BHARATPUR (91),91,Nagar(542),71.0,21199.0,11357.0,9842.0,3913.0,0.71875,2.75,0.71875,0.0,4.0,0.3125,4.40625,1.96875,0.0,0.25,0.3125,0.0625,0.0625,3.625,0.875,2.15625,0.53125,0.71875,3.09375,2.3125,0.0,0.1875,0.65625,0.0,0.0,0.125
41,RAJASTHAN (8),BHARATPUR (91),91,Weir(543),75.0,30335.0,16254.0,14081.0,4764.0,2.3076923076923075,3.5384615384615383,2.1923076923076925,0.15384615384615385,4.0,1.2307692307692308,5.384615384615384,2.5384615384615383,0.07692307692307693,0.3076923076923077,0.3076923076923077,0.07692307692307693,0.07692307692307693,5.769230769230768,1.1538461538461535,2.6153846153846154,0.5384615384615384,1.2307692307692308,4.230769230769232,3.1538461538461537,0.3076923076923077,0.8461538461538461,0.7692307692307693,0.2307692307692308,0.15384615384615385,0.07692307692307693
42,RAJASTHAN (8),BHILWARA (92),92,Asind(544),177.0,21930.0,11249.0,10681.0,5176.0,0.9736842105263158,3.3684210526315788,1.5263157894736843,0.0,3.842105263157895,1.263157894736842,5.289473684210527,2.5789473684210527,0.0,0.21052631578947367,0.631578947368421,0.05263157894736842,0.2631578947368421,2.8421052631578947,0.7368421052631579,2.0526315789473686,0.07894736842105263,0.5526315789473685,3.1842105263157894,2.2105263157894743,0.2631578947368421,0.21052631578947367,0.4473684210526316,0.0,0.15789473684210525,0.05263157894736842
43,RAJASTHAN (8),BHILWARA (92),92,Bhilwara(545),180.0,3448.0,1875.0,1573.0,590.0,1.6666666666666667,3.333333333333333,2.1666666666666665,0.6666666666666666,3.333333333333333,0.6666666666666666,4.833333333333333,2.333333333333333,0.0,0.0,0.6666666666666666,0.0,0.3333333333333333,2.833333333333333,0.6666666666666666,2.0,0.0,0.16666666666666666,3.6666666666666665,2.6666666666666665,0.3333333333333333,0.3333333333333333,1.5,0.0,0.0,0.0
44,RAJASTHAN (8),BHILWARA (92),92,Jahazpur(547),182.0,8739.0,4488.0,4242.0,2225.0,1.0,3.0909090909090913,0.7272727272727273,0.0,3.272727272727273,1.4545454545454546,5.090909090909091,2.363636363636364,0.09090909090909093,0.18181818181818185,0.7272727272727273,0.0,0.2727272727272727,3.636363636363636,0.6363636363636364,2.0454545454545454,0.09090909090909093,0.3181818181818182,3.4090909090909087,3.5454545454545454,0.0,0.4545454545454545,0.2727272727272727,0.0,0.0,0.0
45,RAJASTHAN (8),BHILWARA (92),92,Mandal(548),178.0,32949.0,16516.0,16402.0,7230.0,0.9782608695652174,2.4782608695652173,1.173913043478261,0.21739130434782608,3.9130434782608696,1.6956521739130437,5.086956521739131,2.130434782608696,0.0,0.3478260869565217,0.7826086956521741,0.08695652173913042,0.21739130434782608,4.391304347826087,1.065217391304348,2.4782608695652173,0.21739130434782608,0.6956521739130435,3.5869565217391304,2.9130434782608696,0.17391304347826084,0.39130434782608703,0.2391304347826087,0.043478260869565216,0.17391304347826084,0.17391304347826084
46,RAJASTHAN (8),BHILWARA (92),92,Mandalgarh(549),183.0,8966.0,4456.0,4510.0,1958.0,0.71875,3.1875,0.875,0.0625,3.375,1.5,3.875,2.875,0.0,0.0,0.5,0.0,0.1875,3.28125,0.6875,1.625,0.1875,0.5625,3.4375,2.8125,0.0625,0.125,0.34375,0.0,0.0,0.0
47,RAJASTHAN (8),BHILWARA (92),92,Sahara(550),179.0,9349.0,4717.0,4575.0,1929.0,1.5416666666666667,2.25,0.9166666666666666,0.08333333333333333,3.5,2.25,5.166666666666667,2.1666666666666665,0.16666666666666666,0.3333333333333333,0.5833333333333334,0.0,0.25,2.958333333333333,0.625,1.875,0.20833333333333331,0.625,3.458333333333333,2.7916666666666665,0.08333333333333333,0.5,0.7083333333333334,0.16666666666666666,0.16666666666666666,0.0
48,RAJASTHAN (8),BHILWARA (92),92,Shahpura(551),181.0,13681.0,7292.0,6389.0,3047.0,0.7222222222222222,2.1666666666666665,1.6666666666666667,0.2222222222222222,3.555555555555556,1.6666666666666667,4.055555555555555,2.333333333333333,0.2222222222222222,0.3333333333333333,0.8888888888888888,0.0,0.0,3.388888888888889,0.7777777777777778,2.7222222222222223,0.2777777777777778,0.16666666666666666,3.388888888888889,3.6666666666666665,0.2222222222222222,0.6666666666666666,0.2777777777777778,0.3333333333333333,0.1111111111111111,0.2222222222222222
49,RAJASTHAN (8),BIKANER (93),93,Bikaner East(553),14.0,3115.0,1675.0,1440.0,560.0,4.5,3.0,0.5,0.0,4.0,3.0,6.0,3.0,0.0,0.0,0.0,0.0,0.0,6.5,2.0,3.0,0.5,0.5,6.0,3.0,0.0,1.0,1.5,0.0,0.0,0.0
50,RAJASTHAN (8),BIKANER (93),93,Dungargarh(555),17.0,30568.0,9103.0,7116.0,3194.0,1.5,1.0,1.6,0.0,3.2,0.6,5.1,2.8,0.0,0.4,0.2,0.0,0.2,3.5,0.4,2.3,0.2,0.8,2.7,1.3,0.2,0.4,0.9,0.0,0.2,0.0
51,RAJASTHAN (8),BIKANER (93),93,Khajuwala(556),12.0,127679.0,70520.0,57159.0,25339.0,0.75,3.5,1.0972222222222223,0.0,2.9027777777777777,1.1805555555555556,4.263888888888889,2.5416666666666665,0.04166666666666666,0.3333333333333333,0.125,0.0,0.09722222222222222,2.0486111111111107,0.5902777777777778,1.6736111111111112,0.04166666666666666,0.2777777777777778,2.0486111111111107,2.4444444444444446,0.3333333333333333,0.18055555555555555,0.2847222222222222,0.0,0.5,0.05555555555555555
52,RAJASTHAN (8),BIKANER (93),93,Kolayat(557),15.0,46040.0,24634.0,21236.0,8293.0,0.7678571428571429,2.625,1.1071428571428572,0.07142857142857142,3.0,1.8928571428571428,4.75,2.392857142857143,0.07142857142857142,0.25,0.03571428571428571,0.14285714285714285,0.32142857142857145,3.375,0.625,1.75,0.017857142857142856,0.7321428571428571,2.946428571428572,1.5357142857142858,0.03571428571428571,0.21428571428571427,0.44642857142857145,0.0,0.03571428571428571,0.10714285714285714
53,RAJASTHAN (8),BIKANER (93),93,Lunkaransar(558),16.0,74262.0,38838.0,35411.0,14001.0,1.0853658536585369,2.024390243902439,0.7682926829268293,0.024390243902439025,3.2439024390243905,1.146341463414634,5.365853658536587,2.5609756097560976,0.0,0.2195121951219512,0.3170731707317073,0.07317073170731707,0.12195121951219512,3.731707317073171,1.2804878048780488,2.158536585365854,0.2682926829268293,0.4024390243902439,3.2073170731707314,2.268292682926829,0.12195121951219512,0.4390243902439024,0.5365853658536586,0.0,0.04878048780487805,0.07317073170731707
54,RAJASTHAN (8),BIKANER (93),93,Nokha(559),18.0,147686.0,77221.0,70465.0,25946.0,1.5714285714285714,3.1071428571428568,0.9761904761904762,0.0,3.5,1.9761904761904765,5.833333333333332,2.7857142857142856,0.09523809523809523,0.7619047619047619,0.16666666666666666,0.07142857142857142,0.6428571428571429,4.178571428571429,0.8571428571428571,2.6666666666666665,0.2261904761904762,1.011904761904762,4.6190476190476195,2.1785714285714284,0.09523809523809523,0.5476190476190477,0.4523809523809524,0.0,0.07142857142857142,0.07142857142857142
55,RAJASTHAN (8),BUNDI (94),94,Bundi(648),186.0,91819.0,44295.0,39986.0,15867.0,0.8642857142857143,4.257142857142857,0.9357142857142856,0.0,3.4428571428571435,0.7428571428571429,5.057142857142857,2.3142857142857145,0.0,0.21428571428571427,0.2571428571428571,0.0,0.15714285714285714,2.8,0.9571428571428572,1.8785714285714288,0.3142857142857143,0.6428571428571429,3.521428571428572,3.8,0.08571428571428573,0.5142857142857142,0.42857142857142855,0.0,0.014285714285714284,0.028571428571428567
56,RAJASTHAN (8),BUNDI (94),94,Hindoli(546),184.0,32644.0,17703.0,14941.0,6344.0,1.6111111111111112,3.2222222222222223,2.055555555555556,0.2222222222222222,2.888888888888889,0.6111111111111112,4.416666666666667,2.1388888888888893,0.1111111111111111,0.2777777777777778,0.6111111111111112,0.0,0.8333333333333334,3.4722222222222223,0.8333333333333334,1.75,0.25,1.0277777777777777,3.638888888888889,3.388888888888889,0.1111111111111111,0.16666666666666666,1.6388888888888888,0.0,0.0,0.0
57,RAJASTHAN (8),BUNDI (94),94,Keshoraipatan(649),185.0,33299.0,17728.0,15338.0,6884.0,0.7878787878787878,4.424242424242424,0.9545454545454546,0.030303030303030307,2.8484848484848486,0.8787878787878788,5.2727272727272725,2.575757575757576,0.060606060606060615,0.12121212121212123,0.21212121212121213,0.0,0.4545454545454545,2.803030303030303,1.0606060606060606,1.7878787878787878,0.30303030303030304,0.5909090909090909,3.6060606060606064,4.0606060606060606,0.030303030303030307,0.30303030303030304,0.9696969696969696,0.0,0.030303030303030307,0.060606060606060615
58,RAJASTHAN (8),CHITTORGARH (95),95,Bari sadri(560),171.0,19004.0,9576.0,9426.0,4368.0,0.7916666666666666,3.1875,0.8958333333333334,0.0,3.291666666666667,1.1666666666666663,3.6875,2.291666666666667,0.0,0.20833333333333331,0.6666666666666666,0.0,0.4166666666666666,3.541666666666667,0.8125,1.9791666666666667,0.3125,0.8333333333333333,3.125,3.5625,0.04166666666666666,0.4166666666666666,0.5,0.0,0.0,0.04166666666666666
59,RAJASTHAN (8),CHITTORGARH (95),95,Begun(561),168.0,19514.0,9756.0,9755.0,4446.0,1.119047619047619,3.3571428571428568,1.4761904761904765,0.0,3.4761904761904763,1.5238095238095235,4.976190476190476,2.8095238095238093,0.047619047619047616,0.2380952380952381,0.8571428571428571,0.09523809523809523,0.5714285714285714,4.309523809523808,1.0714285714285714,2.1904761904761907,0.3333333333333333,0.3809523809523809,3.9047619047619047,3.6190476190476186,0.3333333333333333,0.3333333333333333,1.1904761904761905,0.0,0.19047619047619047,0.09523809523809523
60,RAJASTHAN (8),CHITTORGARH (95),95,Chittorgarh(562),169.0,28752.0,14716.0,13906.0,7396.0,1.2321428571428572,2.8696428571428565,0.9642857142857144,0.075,3.421428571428572,1.3285714285714283,4.714285714285714,2.060714285714285,0.05,0.175,0.4928571428571428,0.05,0.325,3.233928571428572,0.9035714285714284,1.6517857142857144,0.18392857142857144,0.5053571428571428,3.3625,3.0178571428571432,0.175,0.4428571428571429,0.3125,0.0,0.05,0.0
61,RAJASTHAN (8),CHITTORGARH (95),95,Kapasan(563),167.0,41916.0,21322.0,20558.0,9439.0,1.0571428571428572,2.6714285714285717,1.2571428571428571,0.0,3.8285714285714287,1.2571428571428571,5.342857142857143,2.771428571428572,0.11428571428571427,0.2857142857142857,0.8,0.0,0.37142857142857133,4.142857142857143,1.1571428571428573,2.4571428571428573,0.22857142857142854,0.5142857142857142,3.7857142857142856,3.1142857142857143,0.2,0.37142857142857133,0.6,0.0,0.11428571428571427,0.17142857142857146
62,RAJASTHAN (8),CHITTORGARH (95),95,Nimbahera(565),170.0,86353.0,44405.0,41723.0,23388.0,0.9979166666666666,3.19375,0.9708333333333334,0.00625,3.6208333333333336,1.2333333333333334,4.648958333333333,2.3979166666666667,0.04791666666666666,0.26666666666666666,0.7520833333333333,0.04166666666666666,0.11666666666666667,3.3,1.0447916666666666,2.2583333333333333,0.325,0.3239583333333333,3.177083333333333,3.291666666666667,0.11041666666666666,0.26875,0.240625,0.0,0.0125,0.04791666666666666
63,RAJASTHAN (8),CHURU (96),96,Churu(569),22.0,57781.0,30837.0,26944.0,14177.0,0.8796296296296297,1.6851851851851851,3.0,0.0,4.0,1.7222222222222223,6.2407407407407405,2.888888888888889,0.0,0.6666666666666666,0.8148148148148149,0.0,0.3148148148148148,3.638888888888889,1.8611111111111112,2.7777777777777777,0.2962962962962963,0.19444444444444445,4.583333333333334,2.185185185185185,0.5,0.4074074074074074,0.6481481481481481,0.0,0.018518518518518517,0.0
64,RAJASTHAN (8),CHURU (96),96,Ratangarh(571),23.0,122936.0,65022.0,57884.0,25111.0,1.25,1.625,2.5125,0.075,3.975,2.075,6.05,2.85,0.025,0.45,0.425,0.05,0.725,4.725,1.4625,2.725,0.2875,0.7,4.8375,3.3625,0.125,0.85,0.8125,0.075,0.1,0.05
65,RAJASTHAN (8),CHURU (96),96,Sadulpur(572),19.0,92949.0,45353.0,40811.0,17267.0,0.5288461538461539,1.0192307692307692,0.903846153846154,0.038461538461538464,3.8269230769230766,1.7692307692307692,5.0,2.5096153846153846,0.0576923076923077,0.3269230769230769,0.5576923076923077,0.038461538461538464,0.36538461538461536,3.3461538461538463,1.0865384615384617,2.480769230769231,0.15384615384615385,0.15384615384615385,4.019230769230768,3.3173076923076925,0.25,0.4807692307692308,0.4519230769230769,0.19230769230769232,0.1153846153846154,0.09615384615384616
66,RAJASTHAN (8),CHURU (96),96,Sardarshahar(573),21.0,91878.0,48453.0,40569.0,17993.0,1.5131578947368418,2.1842105263157894,2.4078947368421053,0.15789473684210525,3.736842105263158,2.131578947368421,5.9868421052631575,2.1447368421052637,0.10526315789473684,0.5526315789473685,0.42105263157894735,0.13157894736842105,0.6578947368421053,3.9210526315789473,1.013157894736842,2.9342105263157894,0.3947368421052632,0.5,4.631578947368421,3.3157894736842106,0.15789473684210525,0.8684210526315791,1.0657894736842106,0.21052631578947367,0.2894736842105263,0.18421052631578946
67,RAJASTHAN (8),CHURU (96),96,Sujangarh(574),24.0,122843.0,63610.0,58416.0,21853.0,0.7209302325581395,1.569767441860465,1.0116279069767442,0.04651162790697674,3.8139534883720936,1.7209302325581397,5.6395348837209305,2.8837209302325584,0.11627906976744184,0.372093023255814,0.6744186046511628,0.02325581395348837,0.3953488372093023,4.697674418604652,1.5581395348837208,2.6860465116279064,0.2325581395348837,0.5465116279069767,4.197674418604652,2.232558139534884,0.18604651162790695,0.5813953488372093,0.3488372093023256,0.0,0.06976744186046513,0.0
68,RAJASTHAN (8),CHURU (96),96,Taranagar(575),20.0,48238.0,23473.0,21704.0,11273.0,1.2058823529411764,1.3823529411764706,0.8676470588235294,0.0,3.882352941176471,2.176470588235294,5.323529411764706,2.294117647058824,0.2647058823529412,0.4705882352941176,0.6176470588235294,0.05882352941176471,0.5588235294117647,3.9705882352941178,1.1176470588235294,2.1911764705882355,0.4411764705882353,0.6911764705882353,3.8382352941176467,3.0588235294117645,0.2647058823529412,0.8529411764705882,1.1029411764705883,0.0,0.1176470588235294,0.2058823529411765
69,RAJASTHAN (8),DAUSA (97),97,Bandikui(576),85.0,20707.0,10815.0,9890.0,4677.0,1.15625,2.5625,1.53125,0.125,4.0,0.5,5.4375,2.125,0.1875,0.125,0.4375,0.0,0.1875,4.78125,1.28125,2.25,0.3125,0.375,3.3125,3.46875,0.0625,0.375,0.6875,0.0,0.0,0.125
70,RAJASTHAN (8),DAUSA (97),97,Dausa(579),88.0,30847.0,16024.0,14823.0,5278.0,0.9411764705882352,3.0588235294117645,1.8823529411764703,0.0,3.882352941176471,0.6470588235294118,3.7058823529411766,2.117647058823529,0.0,0.35294117647058826,0.29411764705882354,0.0,0.2352941176470588,3.147058823529412,1.0588235294117647,2.147058823529412,0.17647058823529413,1.5882352941176472,3.852941176470588,2.4411764705882355,0.05882352941176471,0.05882352941176471,1.3235294117647058,0.0,0.0,0.0
71,RAJASTHAN (8),DAUSA (97),97,Lalsot(580),89.0,31036.0,15995.0,15041.0,5796.0,1.108695652173913,3.6304347826086962,2.3260869565217392,0.0,4.0,0.17391304347826084,4.456521739130435,2.0,0.0,0.21739130434782608,0.3043478260869565,0.0,0.2608695652173913,3.717391304347826,0.5217391304347826,1.6956521739130437,0.4782608695652174,1.8043478260869563,2.847826086956522,1.5,0.0,0.13043478260869565,0.43478260869565216,0.0,0.0,0.043478260869565216
72,RAJASTHAN (8),DAUSA (97),97,Mahuwa(581),86.0,35556.0,18839.0,16686.0,6399.0,0.7666666666666667,3.1333333333333333,1.4,0.0,4.0,0.9333333333333332,5.033333333333333,2.333333333333333,0.0,0.4,0.5333333333333333,0.0,0.06666666666666668,3.8333333333333335,1.4666666666666666,3.1333333333333333,0.6,0.8333333333333334,3.466666666666667,3.1,0.0,0.4666666666666667,0.26666666666666666,0.0,0.0,0.06666666666666668
73,RAJASTHAN (8),DAUSA (97),97,Sikrai(582),87.0,43115.0,23741.0,19374.0,8426.0,1.35,4.0,1.45,0.0,3.9,0.9,4.25,2.0,0.3,0.5,0.5,0.2,0.3,4.95,1.15,3.3,0.6,0.95,3.6,3.45,0.4,0.3,0.8,0.0,0.3,0.5
74,RAJASTHAN (8),DHOLPUR (98),98,Bari(640),78.0,77257.0,38495.0,32378.0,13287.0,1.2711864406779658,3.5423728813559316,1.4237288135593218,0.0,3.8305084745762716,0.6271186440677966,4.567796610169491,2.0847457627118646,0.13559322033898305,0.3050847457627119,0.23728813559322035,0.1016949152542373,0.3559322033898305,2.9576271186440684,1.0423728813559323,2.1186440677966103,0.4152542372881356,0.576271186440678,3.0593220338983054,3.1440677966101696,0.06779661016949153,0.2711864406779661,1.3644067796610169,0.05084745762711865,0.1864406779661017,0.0
75,RAJASTHAN (8),DHOLPUR (98),98,Baseri(641),77.0,20606.0,11292.0,9267.0,8101.0,1.7727272727272727,3.5454545454545454,2.0454545454545454,0.0,3.272727272727273,1.2727272727272727,5.227272727272728,2.1818181818181817,0.18181818181818185,0.5454545454545454,0.3636363636363637,0.18181818181818185,0.4545454545454545,3.772727272727273,0.7272727272727273,2.8181818181818183,0.5,1.0909090909090908,4.090909090909091,3.727272727272727,0.3636363636363637,0.6363636363636364,1.9090909090909087,0.7272727272727273,0.2727272727272727,0.18181818181818185
76,RAJASTHAN (8),DHOLPUR (98),98,Dholpur(642),79.0,74909.0,40309.0,34500.0,12139.0,1.6792452830188682,3.2452830188679247,1.5377358490566038,0.0,3.9056603773584895,0.7169811320754716,5.783018867924527,2.1320754716981134,0.09433962264150944,0.2075471698113208,0.4150943396226415,0.0,0.1509433962264151,3.3113207547169816,1.6037735849056605,2.2264150943396226,0.4716981132075472,0.7924528301886793,3.7358490566037736,3.69811320754717,0.0,0.5471698113207547,0.9245283018867924,0.0,0.2830188679245283,0.0
77,RAJASTHAN (8),DHOLPUR (98),98,Rajakhera(645),80.0,100101.0,53718.0,44629.0,18955.0,0.7669491525423728,3.2372881355932206,0.8432203389830508,0.00847457627118644,3.906779661016949,0.8559322033898304,5.186440677966102,2.2372881355932206,0.025423728813559324,0.15254237288135594,0.2457627118644068,0.01694915254237288,0.11864406779661014,4.050847457627119,0.8305084745762712,2.1822033898305087,0.4110169491525424,0.6652542372881356,3.4322033898305087,2.7372881355932206,0.09322033898305083,0.6610169491525424,0.4915254237288136,0.0423728813559322,0.03389830508474576,0.03389830508474576
78,RAJASTHAN (8),DUNGARPUR (99),99,Aspur(696),159.0,202808.0,98664.0,94769.0,43175.0,1.1785714285714286,3.3174603174603177,1.8293650793650795,0.05555555555555555,3.1428571428571432,0.5,5.662698412698412,2.7182539682539684,0.03968253968253968,0.42063492063492064,0.7380952380952381,0.0,0.21428571428571427,4.908730158730159,1.3293650793650793,2.583333333333333,0.2341269841269841,1.1349206349206349,3.5595238095238093,3.7857142857142856,0.5634920634920635,0.7857142857142857,1.6825396825396826,0.0,0.05555555555555555,0.015873015873015872
79,RAJASTHAN (8),DUNGARPUR (99),99,Banswara(521),164.0,56272.0,28075.0,27096.0,11585.0,2.413793103448276,3.997126436781609,2.3419540229885056,0.6954022988505747,3.0574712643678166,1.0919540229885056,5.790229885057472,2.126436781609195,0.1724137931034483,0.5114942528735632,0.3390804597701149,0.1896551724137931,0.6091954022988506,4.850574712643677,1.1810344827586206,3.247126436781609,0.6666666666666666,1.735632183908046,4.060344827586206,3.2241379310344827,0.3390804597701149,0.5747126436781609,1.3793103448275863,0.4137931034482759,0.13793103448275862,0.13793103448275862
80,RAJASTHAN (8),DUNGARPUR (99),99,Chorasi(522),161.0,31639.0,15591.0,15786.0,10176.0,1.25,2.75,2.275,0.1,2.75,0.65,5.45,1.45,0.1,0.8,0.5,0.0,0.4,2.5,1.475,2.45,0.3,0.925,2.975,2.775,0.0,0.35,1.025,0.0,0.05,0.0
81,RAJASTHAN (8),DUNGARPUR (99),99,Dungarpur(523),158.0,89003.0,41423.0,42370.0,16929.0,1.7763157894736843,3.1842105263157894,1.973684210526316,0.3157894736842105,2.0789473684210527,0.5,6.407894736842105,1.6842105263157894,0.2368421052631579,0.6052631578947368,0.34210526315789475,0.15789473684210525,0.4473684210526316,5.526315789473684,1.4868421052631582,3.1184210526315788,0.7368421052631579,1.25,3.934210526315789,2.8026315789473686,0.15789473684210525,0.5263157894736842,1.2105263157894737,0.4736842105263158,0.07894736842105263,0.13157894736842105
82,RAJASTHAN (8),DUNGARPUR (99),99,Sagwara(527),160.0,109994.0,53740.0,55078.0,24463.0,1.5923076923076922,2.607692307692308,2.261538461538461,0.15384615384615385,2.815384615384616,0.6923076923076923,5.2846153846153845,2.3846153846153846,0.04615384615384616,0.3538461538461539,0.5692307692307692,0.030769230769230767,0.5846153846153846,3.692307692307693,1.2,2.546153846153846,0.3230769230769231,0.9153846153846154,3.4923076923076923,3.3846153846153846,0.2307692307692308,0.4923076923076923,1.484615384615385,0.0,0.04615384615384616,0.09230769230769233
83,RAJASTHAN (8),GANGANAGAR (100),100,Anupgarh(552),6.0,33476.0,17401.0,16065.0,6928.0,0.696078431372549,3.980392156862745,0.7549019607843137,0.0,2.9411764705882355,1.392156862745098,4.735294117647058,2.5490196078431366,0.0392156862745098,0.09803921568627452,0.0784313725490196,0.0392156862745098,0.09803921568627452,3.4117647058823533,0.696078431372549,1.1764705882352942,0.2647058823529412,0.3333333333333333,2.2254901960784315,2.2058823529411766,0.0196078431372549,0.09803921568627452,0.10784313725490197,0.0,0.0,0.0392156862745098
84,RAJASTHAN (8),GANGANAGAR (100),100,Ganganagar(584),2.0,10468.0,5414.0,4953.0,2131.0,0.7857142857142857,3.8928571428571432,1.2142857142857142,0.0,3.8571428571428568,1.9285714285714288,5.321428571428571,2.5,0.07142857142857142,0.21428571428571427,0.07142857142857142,0.07142857142857142,0.14285714285714285,3.571428571428572,0.7857142857142857,1.7857142857142858,0.35714285714285715,0.42857142857142855,2.9285714285714284,3.0,0.0,0.35714285714285715,0.8571428571428571,0.0,0.0,0.0
85,RAJASTHAN (8),GANGANAGAR (100),100,Karanpur(586),3.0,10612.0,5713.0,4899.0,2118.0,0.975,5.0,0.85,0.0,3.6,1.95,5.45,2.6,0.1,0.1,0.05,0.0,0.25,3.775,0.85,2.025,0.275,0.825,3.0,3.45,0.0,0.3,0.55,0.05,0.0,0.0
86,RAJASTHAN (8),GANGANAGAR (100),100,Raisingh Nagar(588),5.0,29331.0,15159.0,14125.0,5998.0,0.7678571428571429,4.491071428571429,0.5446428571428571,0.0,3.2678571428571432,1.625,4.9375,2.875,0.05357142857142857,0.16071428571428573,0.05357142857142857,0.03571428571428571,0.10714285714285714,3.375,0.8571428571428571,1.6696428571428572,0.20535714285714285,0.29464285714285715,2.8303571428571432,3.0535714285714284,0.017857142857142856,0.32142857142857145,0.29464285714285715,0.017857142857142856,0.0,0.03571428571428571
87,RAJASTHAN (8),GANGANAGAR (100),100,Sadulshahar(589),1.0,13521.0,7251.0,6265.0,3178.0,0.9,4.425,0.875,0.15,3.75,1.95,4.1,2.4,0.0,0.15,0.0,0.0,0.2,3.85,0.825,0.85,0.375,0.4,2.725,2.65,0.0,0.25,0.6,0.0,0.0,0.1
88,RAJASTHAN (8),GANGANAGAR (100),100,Suratgarh(591),4.0,16780.0,9392.0,7386.0,2784.0,0.65,3.8333333333333335,0.7333333333333333,0.0,2.7666666666666666,1.7,4.15,2.6666666666666665,0.0,0.13333333333333333,0.13333333333333333,0.0,0.16666666666666666,3.25,0.7333333333333333,1.0666666666666669,0.1,0.18333333333333326,2.3666666666666667,2.7666666666666666,0.03333333333333333,0.3,0.05,0.03333333333333333,0.03333333333333333,0.03333333333333333
89,RAJASTHAN (8),HANUMANGARH (101),101,Bhadra(568),11.0,15867.0,8074.0,7252.0,2967.0,0.8888888888888888,3.2777777777777777,1.3333333333333333,0.0,3.888888888888889,1.1111111111111112,4.9444444444444455,2.4444444444444446,0.1111111111111111,0.2222222222222222,0.0,0.2222222222222222,0.4444444444444444,4.055555555555555,0.7777777777777778,2.4444444444444446,0.16666666666666666,0.0,4.5555555555555545,1.8888888888888888,0.2222222222222222,0.3333333333333333,1.1111111111111112,0.0,0.2222222222222222,0.0
90,RAJASTHAN (8),HANUMANGARH (101),101,Churu(569),22.0,57781.0,30837.0,26944.0,14177.0,0.8796296296296297,1.6851851851851851,3.0,0.0,4.0,1.7222222222222223,6.2407407407407405,2.888888888888889,0.0,0.6666666666666666,0.8148148148148149,0.0,0.3148148148148148,3.638888888888889,1.8611111111111112,2.7777777777777777,0.2962962962962963,0.19444444444444445,4.583333333333334,2.185185185185185,0.5,0.4074074074074074,0.6481481481481481,0.0,0.018518518518518517,0.0
91,RAJASTHAN (8),HANUMANGARH (101),101,Hanumangarh(585),8.0,25441.0,13187.0,12201.0,4982.0,1.0869565217391304,4.945652173913044,1.4021739130434785,0.043478260869565216,3.847826086956522,1.9130434782608696,4.260869565217392,2.1956521739130435,0.08695652173913042,0.15217391304347827,0.08695652173913042,0.021739130434782608,0.13043478260869565,3.108695652173913,0.8695652173913043,1.065217391304348,0.32608695652173914,0.6956521739130435,2.641304347826087,1.5978260869565215,0.043478260869565216,0.2391304347826087,0.18478260869565216,0.06521739130434782,0.0,0.043478260869565216
92,RAJASTHAN (8),HANUMANGARH (101),101,Nohar(570),10.0,49620.0,26219.0,23346.0,9158.0,0.5892857142857143,2.482142857142857,1.4464285714285714,0.0,3.3571428571428568,2.107142857142857,4.428571428571429,2.6785714285714284,0.0,0.3928571428571429,0.32142857142857145,0.14285714285714285,0.07142857142857142,3.2857142857142856,1.0892857142857142,2.375,0.0,0.16071428571428573,3.2678571428571432,2.607142857142857,0.07142857142857142,0.35714285714285715,0.3392857142857143,0.03571428571428571,0.10714285714285714,0.07142857142857142
93,RAJASTHAN (8),HANUMANGARH (101),101,Pilibanga(587),9.0,10223.0,5394.0,4828.0,1953.0,0.6097560975609756,4.414634146341464,0.7682926829268293,0.024390243902439025,3.6585365853658534,1.170731707317073,3.609756097560976,2.4878048780487805,0.14634146341463414,0.07317073170731707,0.07317073170731707,0.024390243902439025,0.0975609756097561,2.9878048780487805,0.6097560975609756,0.5853658536585366,0.1951219512195122,0.3170731707317073,2.5365853658536586,2.451219512195122,0.024390243902439025,0.07317073170731707,0.1951219512195122,0.0,0.024390243902439025,0.0
94,RAJASTHAN (8),HANUMANGARH (101),101,Sangaria(590),7.0,31741.0,16658.0,14963.0,6005.0,0.7115384615384616,4.211538461538462,0.903846153846154,0.07692307692307693,3.807692307692308,1.5,4.076923076923077,2.6538461538461537,0.09615384615384616,0.1153846153846154,0.019230769230769232,0.0,0.07692307692307693,3.6057692307692313,0.8173076923076923,0.9423076923076924,0.2307692307692308,0.7596153846153846,2.605769230769231,2.0673076923076925,0.0576923076923077,0.17307692307692307,0.07692307692307693,0.038461538461538464,0.038461538461538464,0.0576923076923077
95,RAJASTHAN (8),JAIPUR (102),102,Adarsh Nagar(592),53.0,738.0,384.0,354.0,121.0,0.0,0.5,1.5,0.0,4.0,0.0,4.5,3.0,0.0,1.0,1.0,0.0,0.0,4.5,0.5,1.0,0.0,0.0,2.0,4.0,1.0,0.0,0.5,0.0,0.0,0.0
96,RAJASTHAN (8),JAIPUR (102),102,Amber(600),47.0,39176.0,20777.0,18380.0,6411.0,1.75,4.113636363636363,1.6590909090909092,0.0,3.9090909090909087,1.2727272727272727,4.454545454545454,2.022727272727273,0.2272727272727273,0.3181818181818182,0.4090909090909091,0.0,0.18181818181818185,4.795454545454546,1.181818181818182,2.363636363636364,0.3181818181818182,0.8636363636363636,4.068181818181818,3.272727272727273,0.2727272727272727,0.3181818181818182,0.4545454545454545,0.045454545454545456,0.045454545454545456,0.13636363636363635
97,RAJASTHAN (8),JAIPUR (102),102,Bagru(593),56.0,15565.0,8732.0,6683.0,2920.0,1.6538461538461535,2.5769230769230766,1.0769230769230769,0.0,3.9230769230769234,2.0,5.346153846153847,2.5384615384615383,0.0,0.15384615384615385,0.07692307692307693,0.0,0.07692307692307693,3.8846153846153846,1.0384615384615383,2.0384615384615383,0.5,1.0769230769230769,3.5384615384615383,1.6538461538461535,0.0,0.38461538461538464,0.3461538461538461,0.0,0.15384615384615385,0.07692307692307693
98,RAJASTHAN (8),JAIPUR (102),102,Bassi(577),57.0,25012.0,12897.0,11615.0,5630.0,0.9166666666666666,2.4791666666666665,0.9583333333333334,0.0,3.9583333333333335,1.125,4.75,2.375,0.04166666666666666,0.20833333333333331,0.5416666666666666,0.0,0.20833333333333331,3.6875,0.8541666666666666,2.020833333333333,0.4791666666666667,0.7708333333333334,3.0625,2.583333333333333,0.08333333333333333,0.20833333333333331,0.08333333333333333,0.0,0.0,0.0
99,RAJASTHAN (8),JAIPUR (102),102,Chaksu(578),58.0,13757.0,7247.0,6510.0,2159.0,0.7631578947368421,2.6052631578947367,0.9210526315789472,0.0,3.263157894736842,1.368421052631579,5.157894736842105,2.6842105263157894,0.10526315789473684,0.10526315789473684,0.21052631578947367,0.0,0.10526315789473684,3.736842105263158,0.8421052631578947,1.5,0.34210526315789475,0.6842105263157895,3.1052631578947367,1.7894736842105263,0.05263157894736842,0.5789473684210527,0.42105263157894735,0.0,0.15789473684210525,0.05263157894736842
100,RAJASTHAN (8),JAIPUR (102),102,Chomu(680),43.0,19773.0,10276.0,9497.0,4086.0,1.8888888888888888,4.166666666666667,2.2777777777777777,0.0,4.0,1.4444444444444444,5.166666666666667,2.888888888888889,0.2222222222222222,0.3333333333333333,0.4444444444444444,0.0,0.5555555555555556,4.388888888888889,1.7222222222222223,2.833333333333333,0.8888888888888888,1.1111111111111112,3.888888888888889,3.1666666666666665,0.1111111111111111,0.7777777777777778,0.3333333333333333,0.1111111111111111,0.4444444444444444,0.0
101,RAJASTHAN (8),JAIPUR (102),102,Dudu(506),45.0,20140.0,10395.0,9694.0,4597.0,1.03125,2.5625,1.5625,0.125,3.875,1.1875,4.59375,2.875,0.0625,0.1875,0.6875,0.0,0.3125,3.34375,1.0,2.34375,0.0625,0.34375,2.8125,2.625,0.125,0.375,0.3125,0.0,0.1875,0.0625
102,RAJASTHAN (8),JAIPUR (102),102,Hawa mahal(595),49.0,1563.0,793.0,770.0,258.0,4.0,4.5,6.0,0.0,4.0,1.0,8.0,3.0,1.0,1.0,1.0,1.0,1.0,9.0,2.0,6.0,2.0,3.0,8.0,6.0,0.0,1.0,0.0,0.0,0.0,0.0
103,RAJASTHAN (8),JAIPUR (102),102,Jamwa ramgarh(602),48.0,41106.0,22199.0,18779.0,9453.0,1.4021739130434785,2.391304347826087,1.6847826086956523,0.06521739130434782,4.0,0.15217391304347827,5.065217391304348,1.608695652173913,0.0,0.15217391304347827,0.2826086956521739,0.021739130434782608,0.06521739130434782,2.6956521739130435,0.6086956521739131,1.076086956521739,0.14130434782608695,0.32608695652173914,1.923913043478261,2.565217391304348,0.13043478260869565,0.10869565217391304,0.3913043478260869,0.043478260869565216,0.043478260869565216,0.08695652173913042
104,RAJASTHAN (8),JAIPUR (102),102,Jhotwara(603),46.0,13799.0,7222.0,6577.0,2203.0,0.8888888888888888,3.2222222222222223,1.2222222222222223,0.0,3.888888888888889,1.5555555555555556,5.611111111111112,3.0,0.0,0.3333333333333333,0.3333333333333333,0.0,0.3333333333333333,3.611111111111111,0.9444444444444444,1.9444444444444444,0.3888888888888889,1.0,4.888888888888889,2.5,0.1111111111111111,0.4444444444444444,0.5,0.0,0.3333333333333333,0.1111111111111111
105,RAJASTHAN (8),JAIPUR (102),102,Kotputli(604),40.0,37235.0,19343.0,17092.0,5696.0,2.421052631578948,4.157894736842104,1.7105263157894737,0.10526315789473684,4.0,1.8947368421052633,5.7368421052631575,2.1052631578947367,0.05263157894736842,0.3684210526315789,0.10526315789473684,0.0,0.4736842105263158,4.789473684210527,1.5526315789473684,2.8947368421052637,1.0526315789473684,1.9210526315789476,4.2105263157894735,3.1842105263157894,0.05263157894736842,0.8421052631578947,0.7105263157894737,0.05263157894736842,0.0,0.4736842105263158
106,RAJASTHAN (8),JAIPUR (102),102,Phulera(605),44.0,7044.0,3267.0,3127.0,986.0,1.5,3.333333333333333,1.5833333333333333,0.0,4.0,1.6666666666666667,4.75,2.6666666666666665,0.0,0.8333333333333334,0.5,0.0,0.5,3.75,0.75,3.0,0.3333333333333333,1.1666666666666667,3.25,3.083333333333333,0.16666666666666666,0.16666666666666666,1.0,0.0,0.16666666666666666,0.0
107,RAJASTHAN (8),JAIPUR (102),102,Sanganer(598),55.0,300.0,200.0,100.0,40.0,0.5,2.0,1.5,0.0,3.0,1.0,3.5,3.0,1.0,0.0,0.0,0.0,0.0,3.0,0.5,1.5,0.5,0.5,3.0,1.0,0.0,1.0,0.5,0.0,0.0,0.0
108,RAJASTHAN (8),JAIPUR (102),102,Shahpura(606),42.0,14018.0,7391.0,6627.0,2202.0,1.25,3.083333333333333,1.5833333333333333,0.0,4.0,1.5,4.416666666666667,2.5,0.16666666666666666,0.6666666666666666,0.8333333333333334,0.0,0.5,4.75,1.5,2.6666666666666665,0.5,1.75,4.333333333333333,2.4166666666666665,0.0,0.3333333333333333,0.3333333333333333,0.0,0.16666666666666666,0.0
109,RAJASTHAN (8),JAIPUR (102),102,Viratnagar(607),41.0,37134.0,19804.0,17330.0,6537.0,1.3125,3.3125,1.09375,0.0,3.8125,1.375,4.75,2.5625,0.0,0.5,0.4375,0.0,0.25,4.0625,1.375,2.78125,0.4375,0.9375,3.46875,3.40625,0.1875,0.25,0.125,0.0,0.0625,0.125
110,RAJASTHAN (8),JAISALMER (103),103,Jaisalmer(532),132.0,88277.0,47704.0,40362.0,18617.0,0.7966101694915254,1.8135593220338984,0.6567796610169492,0.11864406779661014,2.8898305084745757,0.5254237288135594,4.0,1.915254237288136,0.13559322033898305,0.2711864406779661,0.6101694915254238,0.07627118644067797,0.21186440677966098,2.656779661016949,0.690677966101695,1.9957627118644068,0.2076271186440678,0.3559322033898305,2.635593220338983,2.4110169491525424,0.15254237288135594,0.2966101694915254,0.11440677966101695,0.17796610169491525,0.059322033898305086,0.1440677966101695
111,RAJASTHAN (8),JAISALMER (103),103,Pokaran(636),133.0,15085.0,7889.0,6636.0,3626.0,0.5333333333333333,3.2,0.5666666666666667,0.0,3.0,0.06666666666666668,4.233333333333333,2.2666666666666666,0.13333333333333333,0.13333333333333333,0.4666666666666667,0.0,0.0,1.5666666666666669,0.43333333333333335,1.9333333333333331,0.0,0.0,1.3666666666666667,2.2,0.2,0.2,0.2,0.0,0.0,0.0
112,RAJASTHAN (8),JALORE (104),104,Ahore(608),141.0,53402.0,26954.0,26433.0,14248.0,1.3392857142857142,2.1607142857142856,0.7857142857142857,0.0,3.8571428571428568,1.2857142857142858,4.964285714285714,2.392857142857143,0.03571428571428571,0.35714285714285715,0.75,0.0,0.21428571428571427,4.482142857142857,1.4285714285714286,2.696428571428572,0.14285714285714285,0.625,3.8392857142857135,2.9821428571428568,0.14285714285714285,0.6428571428571429,0.5714285714285714,0.07142857142857142,0.03571428571428571,0.07142857142857142
113,RAJASTHAN (8),JALORE (104),104,Bhinmal(609),143.0,98349.0,50492.0,47846.0,22800.0,0.6666666666666666,3.2962962962962963,1.5185185185185186,0.0,3.814814814814815,0.9629629629629628,5.62962962962963,2.4814814814814814,0.1111111111111111,0.7037037037037037,0.4074074074074074,0.0,0.2222222222222222,4.4444444444444455,1.4074074074074074,3.462962962962963,0.1111111111111111,0.925925925925926,4.5555555555555545,2.962962962962963,0.1851851851851852,0.6296296296296297,0.2962962962962963,0.0,0.07407407407407407,0.037037037037037035
114,RAJASTHAN (8),JALORE (104),104,Jalore(610),142.0,99616.0,50588.0,47148.0,25669.0,1.380952380952381,3.023809523809524,1.4761904761904765,0.0,3.8571428571428568,1.6666666666666667,5.761904761904763,2.523809523809524,0.047619047619047616,0.6190476190476191,0.6666666666666666,0.0,0.4761904761904762,5.333333333333333,1.5476190476190477,3.2142857142857144,0.35714285714285715,0.8571428571428571,5.333333333333333,2.7142857142857144,0.3333333333333333,0.6190476190476191,0.42857142857142855,0.0,0.09523809523809523,0.047619047619047616
115,RAJASTHAN (8),JALORE (104),104,Raniwara(612),145.0,44654.0,22798.0,21336.0,9140.0,1.3095238095238095,2.595238095238096,1.5952380952380951,0.0,3.571428571428572,1.0952380952380951,5.642857142857142,1.5952380952380951,0.4761904761904762,0.3809523809523809,0.42857142857142855,0.047619047619047616,0.3809523809523809,2.761904761904762,0.8333333333333334,2.6904761904761907,0.2380952380952381,0.7142857142857143,3.238095238095238,3.0,0.2380952380952381,0.42857142857142855,0.21428571428571427,0.0,0.19047619047619047,0.14285714285714285
116,RAJASTHAN (8),JALORE (104),104,Sanchore(614),144.0,58326.0,30672.0,27654.0,11085.0,0.1774193548387097,3.645161290322581,0.4838709677419355,0.0,3.7096774193548394,0.3870967741935484,4.193548387096774,2.3225806451612905,0.2258064516129032,0.3870967741935484,0.3225806451612903,0.06451612903225806,0.3548387096774194,3.1129032258064515,1.1451612903225807,2.693548387096774,0.14516129032258066,0.3387096774193548,3.0645161290322585,3.0806451612903225,0.0,0.0967741935483871,0.1774193548387097,0.0,0.03225806451612903,0.0
117,RAJASTHAN (8),JALORE (104),104,Sirohi(615),146.0,148091.0,75860.0,69350.0,35530.0,1.1578947368421053,2.293859649122807,1.0219298245614037,0.03508771929824561,3.684210526315789,0.7543859649122807,5.63157894736842,2.736842105263158,0.017543859649122806,0.21929824561403508,0.8771929824561404,0.05263157894736842,0.2280701754385965,4.684210526315789,1.6973684210526314,3.3289473684210527,0.4342105263157895,0.6359649122807017,4.9298245614035086,3.0877192982456134,0.13157894736842105,0.763157894736842,0.2368421052631579,0.0,0.02631578947368421,0.543859649122807
118,RAJASTHAN (8),JHALAWAR (105),105,Dag(619),197.0,42453.0,21787.0,20541.0,9120.0,1.0208333333333333,2.7604166666666665,0.59375,0.04166666666666666,2.5,1.625,4.739583333333333,2.708333333333333,0.04166666666666666,0.16666666666666666,0.8958333333333334,0.0,0.375,3.125,0.8645833333333334,2.0416666666666665,0.16666666666666666,0.4583333333333333,3.020833333333333,2.8854166666666665,0.125,0.4166666666666667,0.46875,0.0,0.02083333333333333,0.08333333333333333
119,RAJASTHAN (8),JHALAWAR (105),105,Jhalrapatan(620),198.0,15600.0,8208.0,7372.0,2905.0,2.0,2.9642857142857144,2.607142857142857,0.5,2.8571428571428568,1.7857142857142858,4.5,2.0,0.21428571428571427,0.2857142857142857,0.6428571428571429,0.5,0.5,3.7857142857142856,0.75,2.7142857142857144,0.6071428571428571,0.7142857142857143,4.321428571428571,2.8571428571428568,0.42857142857142855,0.5714285714285714,1.75,0.35714285714285715,0.0,0.07142857142857142
120,RAJASTHAN (8),JHALAWAR (105),105,Khanpur(621),199.0,20672.0,10830.0,9423.0,3813.0,1.175,3.125,1.05,0.0,2.85,1.4,4.0,2.3,0.0,0.1,0.5,0.0,0.35,3.35,0.75,1.475,0.45,1.15,2.8,2.625,0.15,0.2,1.225,0.05,0.0,0.0
121,RAJASTHAN (8),JHALAWAR (105),105,Manohar thana(623),200.0,7450.0,3758.0,3563.0,1672.0,0.5384615384615384,2.3846153846153846,0.9230769230769232,0.0,3.2307692307692313,1.3846153846153846,4.269230769230768,2.4615384615384617,0.0,0.0,0.3076923076923077,0.07692307692307693,0.07692307692307693,1.8846153846153848,0.5,1.2307692307692308,0.38461538461538464,0.38461538461538464,1.3076923076923077,2.8846153846153846,0.0,0.07692307692307693,1.0769230769230769,0.15384615384615385,0.0,0.0
122,RAJASTHAN (8),JHUNJHUNU (106),106,Jhunjhunu(625),27.0,36437.0,18906.0,17496.0,7285.0,2.0277777777777777,2.555555555555556,1.0,0.0,4.0,2.2777777777777777,5.888888888888888,2.555555555555556,0.1111111111111111,0.3888888888888889,0.6666666666666666,0.0,0.7777777777777778,5.25,1.5,3.388888888888889,0.3888888888888889,1.2222222222222223,4.472222222222221,2.7222222222222223,0.16666666666666666,0.3888888888888889,0.4444444444444444,0.0,0.05555555555555555,0.16666666666666666
123,RAJASTHAN (8),JHUNJHUNU (106),106,Khetri(626),31.0,46124.0,24018.0,22098.0,11587.0,1.175,2.875,1.275,0.0,4.0,1.95,5.475,2.6,0.05,0.45,0.6,0.0,0.6,4.725,1.55,3.175,0.4,0.8,4.575,2.4,0.05,0.4,0.725,0.0,0.15,0.15
124,RAJASTHAN (8),JHUNJHUNU (106),106,Mandawa(627),28.0,57514.0,29251.0,28253.0,14414.0,0.9545454545454546,2.0303030303030303,0.9696969696969696,0.0,4.0,2.606060606060606,5.621212121212121,2.6666666666666665,0.09090909090909093,0.2727272727272727,0.6363636363636364,0.09090909090909093,0.3939393939393939,4.863636363636363,1.303030303030303,2.4545454545454546,0.4545454545454545,0.6666666666666666,4.742424242424242,2.7424242424242418,0.09090909090909093,0.5757575757575758,0.3787878787878788,0.0,0.030303030303030307,0.030303030303030307
125,RAJASTHAN (8),JHUNJHUNU (106),106,Nawalgarh(628),29.0,49792.0,26113.0,23679.0,10935.0,1.3947368421052628,3.263157894736842,1.8421052631578947,0.0,4.0,2.3684210526315788,5.447368421052633,2.631578947368421,0.10526315789473684,0.4736842105263158,0.5789473684210527,0.0,0.631578947368421,5.815789473684211,1.3421052631578947,3.0789473684210527,0.42105263157894735,0.4473684210526316,5.131578947368421,2.526315789473684,0.05263157894736842,0.7894736842105263,0.42105263157894735,0.0,0.05263157894736842,0.0
126,RAJASTHAN (8),JHUNJHUNU (106),106,Pilani(629),25.0,59181.0,30771.0,28410.0,11868.0,0.8947368421052632,3.2894736842105265,1.0789473684210529,0.0,4.0,2.2105263157894743,6.052631578947367,2.3684210526315788,0.15789473684210525,0.3684210526315789,0.21052631578947367,0.0,0.7894736842105263,5.526315789473684,1.6578947368421053,3.2894736842105265,0.4736842105263158,0.6842105263157895,4.1842105263157885,2.631578947368421,0.0,0.631578947368421,0.5263157894736842,0.0,0.0,0.10526315789473684
127,RAJASTHAN (8),JHUNJHUNU (106),106,Surajgarh(630),26.0,98804.0,52502.0,46183.0,21713.0,1.0256410256410255,2.2179487179487185,1.3717948717948718,0.0,4.0,1.8461538461538465,4.67948717948718,2.41025641025641,0.2307692307692308,0.3333333333333333,0.2564102564102564,0.02564102564102564,0.6410256410256411,4.333333333333333,1.3974358974358974,2.8717948717948723,0.4487179487179487,0.5897435897435898,4.589743589743589,2.8205128205128207,0.07692307692307693,0.41025641025641024,0.7948717948717948,0.0,0.10256410256410256,0.07692307692307693
128,RAJASTHAN (8),JHUNJHUNU (106),106,Udaipurwati(631),30.0,43703.0,22366.0,19508.0,8724.0,1.0555555555555556,3.1944444444444446,1.5833333333333333,0.05555555555555555,4.0,1.7222222222222223,5.111111111111111,2.7222222222222223,0.1111111111111111,0.5,0.5555555555555556,0.05555555555555555,0.5,5.166666666666667,1.6111111111111112,2.6388888888888893,0.3333333333333333,0.75,4.916666666666667,3.25,0.1111111111111111,0.7222222222222222,0.4722222222222222,0.0,0.1111111111111111,0.05555555555555555
129,RAJASTHAN (8),JODHPUR (107),107,Bhopalgarh(665),126.0,123003.0,64400.0,58603.0,23517.0,1.1219512195121952,1.4268292682926829,0.7560975609756098,0.024390243902439025,3.9268292682926833,1.5121951219512195,5.243902439024391,2.658536585365854,0.0,0.3414634146341464,0.5853658536585366,0.04878048780487805,0.24390243902439024,3.902439024390244,1.451219512195122,2.7439024390243905,0.32926829268292684,0.475609756097561,4.341463414634147,2.9268292682926833,0.14634146341463414,0.36585365853658536,0.4878048780487805,0.0,0.0,0.0975609756097561
130,RAJASTHAN (8),JODHPUR (107),107,Bilara(666),131.0,98383.0,50131.0,46116.0,21187.0,1.2439024390243902,1.7560975609756098,1.2439024390243902,0.024390243902439025,3.7073170731707314,1.3902439024390243,5.378048780487805,2.609756097560976,0.0975609756097561,0.4634146341463415,0.5365853658536586,0.0,0.3414634146341464,4.2682926829268295,1.5121951219512195,3.0121951219512195,0.3170731707317073,0.6219512195121951,4.2926829268292686,3.256097560975609,0.04878048780487805,0.4390243902439024,0.4390243902439024,0.07317073170731707,0.0975609756097561,0.024390243902439025
131,RAJASTHAN (8),JODHPUR (107),107,Jodhpur(632),128.0,38489.0,20954.0,17524.0,9743.0,1.3214285714285714,1.9642857142857144,0.5714285714285714,0.14285714285714285,3.7857142857142856,1.7857142857142858,5.4642857142857135,1.9285714285714288,0.14285714285714285,0.35714285714285715,0.21428571428571427,0.14285714285714285,0.07142857142857142,4.75,0.7857142857142857,2.5357142857142856,0.07142857142857142,1.1428571428571428,4.321428571428571,2.4642857142857144,0.14285714285714285,0.21428571428571427,0.2857142857142857,0.07142857142857142,0.07142857142857142,0.0
132,RAJASTHAN (8),JODHPUR (107),107,Lohawat(633),123.0,108730.0,57381.0,51124.0,20993.0,0.6746031746031746,2.6349206349206344,0.5476190476190477,0.015873015873015872,3.4603174603174605,1.0158730158730158,4.126984126984127,2.4920634920634916,0.047619047619047616,0.492063492063492,0.3015873015873016,0.07936507936507936,0.25396825396825395,2.8650793650793656,0.8253968253968254,2.333333333333333,0.1507936507936508,0.6190476190476191,2.6746031746031744,2.6904761904761907,0.06349206349206349,0.14285714285714285,0.3253968253968254,0.06349206349206349,0.015873015873015872,0.015873015873015872
133,RAJASTHAN (8),JODHPUR (107),107,Luni(634),130.0,76291.0,40576.0,35368.0,15566.0,1.554054054054054,2.95945945945946,1.635135135135135,0.0,3.8378378378378377,1.2702702702702702,4.8243243243243255,2.72972972972973,0.2972972972972973,0.3783783783783784,0.13513513513513514,0.10810810810810813,0.4864864864864865,4.594594594594595,1.0135135135135136,2.864864864864865,0.28378378378378377,1.945945945945946,2.972972972972973,2.6351351351351346,0.027027027027027032,0.21621621621621626,0.28378378378378377,0.13513513513513514,0.2702702702702703,0.054054054054054064
134,RAJASTHAN (8),JODHPUR (107),107,Osian(668),125.0,162644.0,73417.0,64073.0,28802.0,1.1696428571428572,2.7946428571428568,0.7678571428571429,0.0,3.7142857142857135,1.25,4.392857142857143,2.107142857142857,0.0,0.3928571428571429,0.3392857142857143,0.03571428571428571,0.07142857142857142,3.383928571428572,1.2053571428571428,2.607142857142857,0.21428571428571427,0.7321428571428571,2.946428571428572,2.419642857142857,0.07142857142857142,0.32142857142857145,0.4375,0.0,0.03571428571428571,0.07142857142857142
135,RAJASTHAN (8),JODHPUR (107),107,Phalodi(635),122.0,37001.0,19670.0,17331.0,8039.0,0.56,1.82,0.66,0.0,3.16,1.0,4.32,2.6,0.16,0.24,0.12,0.0,0.12,2.16,0.76,2.14,0.08,0.3,2.42,2.54,0.0,0.04,0.38,0.0,0.0,0.0
136,RAJASTHAN (8),JODHPUR (107),107,Shergarh(638),124.0,60941.0,31500.0,27158.0,14256.0,0.8055555555555556,1.6944444444444444,1.2222222222222223,0.0,3.2222222222222223,1.0555555555555556,4.263888888888889,2.333333333333333,0.1111111111111111,0.3333333333333333,0.2777777777777778,0.1111111111111111,0.19444444444444445,3.9027777777777777,0.9444444444444444,2.2777777777777777,0.3194444444444444,0.9861111111111112,2.861111111111111,2.708333333333333,0.25,0.1388888888888889,0.7361111111111112,0.1111111111111111,0.027777777777777776,0.027777777777777776
137,RAJASTHAN (8),KARAULI (108),108,Hindaun(643),82.0,216042.0,113956.0,100181.0,38702.0,1.2067307692307692,3.375,1.5480769230769231,0.3269230769230769,3.5576923076923075,0.6538461538461539,6.0769230769230775,1.8413461538461535,0.17307692307692307,0.5576923076923077,0.4134615384615384,0.17307692307692307,0.21153846153846154,4.480769230769232,1.0865384615384617,3.1442307692307687,0.6971153846153846,0.9471153846153846,3.7211538461538463,2.3509615384615383,0.17307692307692307,0.4807692307692308,0.9519230769230768,0.4615384615384616,0.19230769230769232,0.3076923076923077
138,RAJASTHAN (8),KARAULI (108),108,Karauli(644),83.0,138408.0,74615.0,63681.0,26081.0,1.1025641025641026,2.5705128205128207,0.9487179487179488,0.08974358974358974,3.602564102564102,0.8333333333333334,4.974358974358975,1.8269230769230769,0.07692307692307693,0.2948717948717949,0.5897435897435898,0.07692307692307693,0.1794871794871795,4.051282051282051,1.3782051282051282,2.5961538461538463,0.3525641025641026,0.4615384615384616,3.4615384615384617,3.685897435897436,0.2307692307692308,0.4743589743589744,0.20512820512820512,0.08974358974358974,0.038461538461538464,0.1153846153846154
139,RAJASTHAN (8),KARAULI (108),108,Rajakhera(645),80.0,100101.0,53718.0,44629.0,18955.0,0.7669491525423728,3.2372881355932206,0.8432203389830508,0.00847457627118644,3.906779661016949,0.8559322033898304,5.186440677966102,2.2372881355932206,0.025423728813559324,0.15254237288135594,0.2457627118644068,0.01694915254237288,0.11864406779661014,4.050847457627119,0.8305084745762712,2.1822033898305087,0.4110169491525424,0.6652542372881356,3.4322033898305087,2.7372881355932206,0.09322033898305083,0.6610169491525424,0.4915254237288136,0.0423728813559322,0.03389830508474576,0.03389830508474576
140,RAJASTHAN (8),KARAULI (108),108,Sapotra(646),84.0,72458.0,38739.0,33719.0,15145.0,1.391891891891892,3.472972972972973,2.216216216216216,0.10810810810810813,3.6756756756756763,1.0,4.45945945945946,2.2432432432432434,0.054054054054054064,0.3783783783783784,0.40540540540540543,0.027027027027027032,0.16216216216216214,3.472972972972973,1.0405405405405406,2.4864864864864864,0.33783783783783783,0.7567567567567568,3.918918918918919,2.7972972972972974,0.21621621621621626,0.5135135135135135,0.5135135135135135,0.027027027027027032,0.027027027027027032,0.2972972972972973
141,RAJASTHAN (8),KARAULI (108),108,Todabhim(647),81.0,84220.0,45528.0,38682.0,17499.0,1.065217391304348,2.8804347826086962,1.6847826086956519,0.0,3.804347826086957,0.9347826086956522,4.619565217391305,2.4130434782608696,0.0,0.3695652173913043,0.21739130434782608,0.043478260869565216,0.15217391304347827,3.097826086956522,0.6521739130434783,2.347826086956522,0.2826086956521739,0.9130434782608696,3.0543478260869565,2.858695652173913,0.021739130434782608,0.13043478260869565,0.8804347826086957,0.0,0.021739130434782608,0.043478260869565216
142,RAJASTHAN (8),KOTA (109),109,Kota South(651),190.0,950.0,550.0,400.0,150.0,1.5,1.5,1.5,0.0,2.0,0.0,3.5,2.0,0.0,0.0,0.0,0.0,1.0,1.0,0.5,2.0,0.5,0.5,2.5,3.0,0.0,0.0,1.5,0.0,0.0,0.0
143,RAJASTHAN (8),KOTA (109),109,Ladpura(652),191.0,54184.0,26783.0,26444.0,14804.0,1.3409090909090908,3.352272727272727,1.2272727272727273,0.022727272727272728,3.522727272727273,1.7954545454545454,4.840909090909091,2.636363636363636,0.13636363636363635,0.20454545454545456,0.3409090909090909,0.0,0.09090909090909093,3.227272727272727,0.6818181818181818,2.0681818181818183,0.3522727272727273,0.75,3.4431818181818183,3.2954545454545454,0.13636363636363635,0.3181818181818182,1.8977272727272727,0.20454545454545456,0.11363636363636365,0.0
144,RAJASTHAN (8),KOTA (109),109,Pipalda(653),187.0,58276.0,30340.0,27786.0,11972.0,1.2452830188679245,4.2075471698113205,1.9528301886792447,0.09433962264150944,2.037735849056604,1.4150943396226414,4.754716981132075,2.179245283018868,0.0,0.33962264150943394,0.33962264150943394,0.018867924528301886,0.3962264150943397,3.2830188679245285,0.9245283018867924,2.0188679245283017,0.1320754716981132,0.6792452830188679,3.1603773584905666,3.179245283018868,0.03773584905660377,0.3018867924528302,1.481132075471698,0.018867924528301886,0.018867924528301886,0.018867924528301886
145,RAJASTHAN (8),KOTA (109),109,Ramganj mandi(654),192.0,86345.0,46683.0,39641.0,18183.0,2.119565217391304,3.260869565217391,1.423913043478261,0.10869565217391304,3.608695652173913,1.4130434782608696,4.967391304347826,2.5,0.1956521739130435,0.3043478260869565,0.21739130434782608,0.043478260869565216,0.4782608695652174,3.4239130434782608,0.8478260869565217,2.010869565217391,0.3804347826086957,0.6521739130434783,3.6630434782608696,3.1195652173913038,0.3043478260869565,0.5434782608695652,1.2934782608695652,0.0,0.021739130434782608,0.0
146,RAJASTHAN (8),KOTA (109),109,Sangod(655),188.0,103221.0,52553.0,48916.0,30004.0,1.65625,3.7125,1.53125,0.075,3.5625,1.4375,5.34375,2.45,0.0375,0.35,0.475,0.125,0.3875,3.34375,0.95625,2.26875,0.34375,1.0375,3.9,3.09375,0.15,0.5,1.5375,0.025,0.0375,0.1375
147,RAJASTHAN (8),NAGAUR (110),110,Bhim(673),173.0,59624.0,30090.0,29532.0,14670.0,1.4473684210526316,2.37280701754386,2.732456140350877,0.02631578947368421,3.3508771929824563,1.3947368421052633,5.521929824561402,2.745614035087719,0.008771929824561403,0.6052631578947368,0.8947368421052632,0.008771929824561403,0.5701754385964912,5.192982456140351,1.5043859649122808,2.7894736842105265,0.05263157894736842,0.21929824561403508,4.491228070175438,3.293859649122807,0.05263157894736842,0.6578947368421053,1.1271929824561404,0.0,0.5,0.008771929824561403
148,RAJASTHAN (8),NAGAUR (110),110,Deedwana(656),107.0,51163.0,26839.0,24304.0,11188.0,1.1176470588235294,1.1470588235294117,0.9705882352941176,0.0,4.0,1.8823529411764703,5.323529411764706,2.7058823529411766,0.0,0.5294117647058824,0.35294117647058826,0.05882352941176471,0.35294117647058826,4.705882352941177,1.1470588235294117,2.7058823529411766,0.38235294117647056,0.8529411764705882,3.9705882352941178,2.0588235294117645,0.0,0.1176470588235294,0.17647058823529413,0.0,0.0,0.05882352941176471
149,RAJASTHAN (8),NAGAUR (110),110,Degana(674),112.0,26689.0,13731.0,11288.0,5605.0,0.6136363636363636,1.0,0.8863636363636364,0.0,3.954545454545455,0.8181818181818182,5.090909090909091,2.590909090909091,0.0,0.2272727272727273,0.6363636363636364,0.0,0.2727272727272727,3.522727272727273,1.1136363636363635,2.136363636363636,0.20454545454545456,0.3409090909090909,3.977272727272727,3.3409090909090913,0.0,0.3636363636363637,0.4318181818181818,0.0,0.045454545454545456,0.13636363636363635
150,RAJASTHAN (8),NAGAUR (110),110,Jayal(657),108.0,23907.0,12259.0,11648.0,4986.0,0.6875,0.90625,0.96875,0.0,3.8125,1.125,5.3125,2.6875,0.0625,0.25,0.25,0.0,0.4375,4.21875,1.40625,2.34375,0.1875,0.46875,2.96875,2.5625,0.125,0.3125,0.5625,0.0,0.0,0.0625
151,RAJASTHAN (8),NAGAUR (110),110,Khinwsar(658),110.0,56592.0,29686.0,26906.0,11262.0,1.25,2.409090909090909,1.068181818181818,0.0,3.9090909090909087,1.5909090909090908,5.409090909090909,2.3181818181818183,0.13636363636363635,0.5454545454545454,0.4090909090909091,0.0,0.5454545454545454,4.204545454545454,1.568181818181818,2.590909090909091,0.3181818181818182,0.9545454545454546,5.0,2.636363636363636,0.09090909090909093,0.3636363636363637,0.3863636363636364,0.09090909090909093,0.13636363636363635,0.045454545454545456
152,RAJASTHAN (8),NAGAUR (110),110,Ladnun(659),106.0,39501.0,20219.0,19272.0,9323.0,0.6785714285714286,1.0714285714285714,0.9642857142857144,0.0,4.0,1.9285714285714288,5.285714285714286,2.9285714285714284,0.2857142857142857,0.5714285714285714,0.6428571428571429,0.07142857142857142,0.35714285714285715,4.821428571428571,1.6071428571428572,3.1071428571428568,0.35714285714285715,0.8214285714285714,4.535714285714286,3.1071428571428568,0.14285714285714285,0.42857142857142855,0.35714285714285715,0.0,0.21428571428571427,0.14285714285714285
153,RAJASTHAN (8),NAGAUR (110),110,Makrana(660),113.0,23222.0,12320.0,10802.0,4307.0,1.0,0.6153846153846154,1.1538461538461535,0.0,4.0,2.0769230769230766,6.0769230769230775,2.5384615384615383,0.0,0.15384615384615385,0.9230769230769232,0.0,1.0,3.0384615384615383,1.7692307692307692,2.4230769230769234,0.15384615384615385,1.0769230769230769,4.076923076923077,2.3846153846153846,0.2307692307692308,0.6923076923076923,0.3461538461538461,0.0,0.0,0.0
154,RAJASTHAN (8),NAGAUR (110),110,Merta(677),111.0,34044.0,17692.0,16352.0,8074.0,0.8823529411764706,2.5294117647058822,1.0294117647058822,0.0,4.0,1.2941176470588236,5.323529411764706,2.647058823529412,0.0,0.5882352941176471,0.4705882352941176,0.05882352941176471,0.4705882352941176,3.5588235294117645,1.5,3.0294117647058822,0.17647058823529413,0.4705882352941176,3.7058823529411766,3.0294117647058822,0.05882352941176471,0.6470588235294118,0.7352941176470589,0.0,0.05882352941176471,0.17647058823529413
155,RAJASTHAN (8),NAGAUR (110),110,Nagaur(661),109.0,34478.0,18012.0,16466.0,6226.0,1.1176470588235294,1.1470588235294117,0.8235294117647058,0.0,3.941176470588236,1.4705882352941178,4.411764705882354,2.323529411764706,0.0,0.2352941176470588,0.5882352941176471,0.05882352941176471,0.5294117647058824,3.3529411764705883,1.0294117647058822,2.176470588235294,0.2058823529411765,0.4117647058823529,3.7058823529411766,2.764705882352941,0.1176470588235294,0.4117647058823529,0.35294117647058826,0.0,0.05882352941176471,0.0
156,RAJASTHAN (8),NAGAUR (110),110,Nawan(662),115.0,31967.0,16541.0,15424.0,6541.0,1.2857142857142858,2.9047619047619047,1.8333333333333333,0.0,4.0,1.8571428571428568,5.4523809523809526,2.571428571428572,0.14285714285714285,0.4761904761904762,0.2380952380952381,0.047619047619047616,0.6190476190476191,4.523809523809524,1.238095238095238,2.5,0.2619047619047619,1.261904761904762,4.714285714285714,2.571428571428572,0.19047619047619047,0.5238095238095238,0.4047619047619048,0.0,0.09523809523809523,0.047619047619047616
157,RAJASTHAN (8),NAGAUR (110),110,Parbatsar(663),114.0,43614.0,23050.0,20403.0,10090.0,1.3157894736842106,2.236842105263158,1.4473684210526316,0.0,4.0,1.8421052631578947,4.7631578947368425,2.631578947368421,0.0,0.42105263157894735,0.5263157894736842,0.05263157894736842,0.4736842105263158,4.0,1.1842105263157894,2.6578947368421053,0.10526315789473684,0.4473684210526316,4.2631578947368425,3.2894736842105265,0.3157894736842105,0.3684210526315789,0.4473684210526316,0.05263157894736842,0.15789473684210525,0.05263157894736842
158,RAJASTHAN (8),PALI (111),111,Bali(664),120.0,59046.0,30847.0,27829.0,22745.0,2.0294117647058822,3.1764705882352944,2.0,0.17647058823529413,4.0,2.5294117647058822,6.0588235294117645,2.764705882352941,0.05882352941176471,0.7647058823529411,0.6470588235294118,0.0,0.7647058823529411,3.9705882352941178,1.4411764705882353,2.7058823529411766,0.35294117647058826,1.0,4.529411764705882,3.4411764705882355,0.5294117647058824,0.7058823529411765,0.4117647058823529,0.17647058823529413,0.0,0.0
159,RAJASTHAN (8),PALI (111),111,Jaitaran(675),116.0,61378.0,32203.0,29165.0,14918.0,1.46875,2.734375,1.578125,0.03125,3.71875,1.71875,4.75,2.40625,0.03125,0.4375,0.53125,0.03125,0.6875,4.703125,1.1875,2.53125,0.234375,1.296875,3.921875,3.125,0.03125,0.40625,0.875,0.0,0.1875,0.0625
160,RAJASTHAN (8),PALI (111),111,Marwar junction(667),119.0,54806.0,27331.0,27436.0,11586.0,1.2804878048780488,2.7804878048780486,1.1585365853658536,0.024390243902439025,3.804878048780488,1.5121951219512195,5.3048780487804885,2.6341463414634148,0.0,0.3414634146341464,0.6585365853658537,0.0,0.5609756097560976,3.9146341463414633,1.0975609756097562,2.451219512195122,0.14634146341463414,1.146341463414634,3.9268292682926833,2.902439024390244,0.12195121951219512,0.2682926829268293,0.3414634146341464,0.024390243902439025,0.04878048780487805,0.07317073170731707
161,RAJASTHAN (8),PALI (111),111,Pali(669),118.0,21264.0,10962.0,10302.0,3692.0,0.9090909090909092,0.8181818181818182,1.2727272727272727,0.09090909090909093,3.4545454545454546,1.181818181818182,5.6818181818181825,2.9090909090909087,0.0,0.2727272727272727,0.8181818181818182,0.0,0.18181818181818185,3.9090909090909087,1.181818181818182,2.6818181818181817,0.13636363636363635,0.2727272727272727,3.227272727272727,3.0909090909090913,0.0,0.18181818181818185,0.5,0.0,0.0,0.09090909090909093
162,RAJASTHAN (8),PALI (111),111,Sojat(670),117.0,38112.0,19173.0,18929.0,8664.0,0.8260869565217391,1.7173913043478262,1.1956521739130437,0.0,3.8260869565217392,1.0869565217391304,5.043478260869565,2.608695652173913,0.0,0.3043478260869565,0.5652173913043478,0.0,0.3478260869565217,3.9565217391304346,1.173913043478261,2.282608695652174,0.17391304347826084,0.8043478260869565,4.065217391304348,3.847826086956522,0.13043478260869565,0.3478260869565217,0.3478260869565217,0.043478260869565216,0.043478260869565216,0.043478260869565216
163,RAJASTHAN (8),PALI (111),111,Sumerpur(671),121.0,115453.0,34876.0,32063.0,19688.0,2.017857142857143,2.8928571428571432,1.9107142857142856,0.32142857142857145,3.8928571428571432,1.8571428571428568,5.821428571428571,2.2857142857142856,0.21428571428571427,0.5357142857142857,0.6428571428571429,0.14285714285714285,0.5357142857142857,5.8392857142857135,1.5178571428571428,3.125,0.4821428571428572,1.3392857142857142,4.910714285714286,2.9107142857142856,0.2857142857142857,0.6071428571428571,0.8571428571428571,0.32142857142857145,0.17857142857142858,0.10714285714285714
164,RAJASTHAN (8),PRATAPGARH (629),629,Bari sadri(560),171.0,19004.0,9576.0,9426.0,4368.0,0.7916666666666666,3.1875,0.8958333333333334,0.0,3.291666666666667,1.1666666666666663,3.6875,2.291666666666667,0.0,0.20833333333333331,0.6666666666666666,0.0,0.4166666666666666,3.541666666666667,0.8125,1.9791666666666667,0.3125,0.8333333333333333,3.125,3.5625,0.04166666666666666,0.4166666666666666,0.5,0.0,0.0,0.04166666666666666
165,RAJASTHAN (8),PRATAPGARH (629),629,Chittorgarh(562),169.0,28752.0,14716.0,13906.0,7396.0,1.2321428571428572,2.8696428571428565,0.9642857142857144,0.075,3.421428571428572,1.3285714285714283,4.714285714285714,2.060714285714285,0.05,0.175,0.4928571428571428,0.05,0.325,3.233928571428572,0.9035714285714284,1.6517857142857144,0.18392857142857144,0.5053571428571428,3.3625,3.0178571428571432,0.175,0.4428571428571429,0.3125,0.0,0.05,0.0
166,RAJASTHAN (8),PRATAPGARH (629),629,Dhariawad(697),157.0,7404.0,3799.0,3605.0,1900.0,2.75,4.65,3.2,0.3,2.0,1.1,5.8,1.5,0.7,0.8,0.6,0.1,0.6,3.15,1.65,3.1,0.25,0.1,4.9,3.0,0.1,0.2,1.1,0.0,0.1,0.1
167,RAJASTHAN (8),PRATAPGARH (629),629,Ghatol(525),162.0,82512.0,40434.0,39068.0,13305.0,1.9429824561403506,3.854385964912281,3.2780701754385966,0.0,3.721052631578948,1.186842105263158,5.25,1.437719298245614,0.17894736842105266,0.4842105263157894,0.4614035087719298,0.1087719298245614,0.5114035087719299,3.6526315789473687,0.7864035087719299,1.8399122807017545,0.4469298245614035,1.3460526315789474,3.230701754385965,2.867543859649123,0.2087719298245614,0.524561403508772,1.46359649122807,0.0,0.0,0.0
168,RAJASTHAN (8),PRATAPGARH (629),629,Nimbahera(565),170.0,86353.0,44405.0,41723.0,23388.0,0.9979166666666666,3.19375,0.9708333333333334,0.00625,3.6208333333333336,1.2333333333333334,4.648958333333333,2.3979166666666667,0.04791666666666666,0.26666666666666666,0.7520833333333333,0.04166666666666666,0.11666666666666667,3.3,1.0447916666666666,2.2583333333333333,0.325,0.3239583333333333,3.177083333333333,3.291666666666667,0.11041666666666666,0.26875,0.240625,0.0,0.0125,0.04791666666666666
169,RAJASTHAN (8),PRATAPGARH (629),629,Pratapgarh(566),172.0,131671.0,63926.0,63597.0,36623.0,1.8137254901960784,2.892156862745098,2.1830065359477118,0.06535947712418301,3.2352941176470584,1.34640522875817,5.421568627450982,2.235294117647059,0.0915032679738562,0.24836601307189546,0.4836601307189543,0.05882352941176471,0.7712418300653595,3.1960784313725488,0.7647058823529411,1.562091503267974,0.30392156862745096,1.1241830065359475,3.2418300653594767,3.183006535947712,0.24836601307189546,0.24183006535947715,0.8496732026143791,0.032679738562091505,0.05882352941176471,0.0392156862745098
170,RAJASTHAN (8),RAJSAMAND (112),112,Bhim(673),173.0,59624.0,30090.0,29532.0,14670.0,1.4473684210526316,2.37280701754386,2.732456140350877,0.02631578947368421,3.3508771929824563,1.3947368421052633,5.521929824561402,2.745614035087719,0.008771929824561403,0.6052631578947368,0.8947368421052632,0.008771929824561403,0.5701754385964912,5.192982456140351,1.5043859649122808,2.7894736842105265,0.05263157894736842,0.21929824561403508,4.491228070175438,3.293859649122807,0.05263157894736842,0.6578947368421053,1.1271929824561404,0.0,0.5,0.008771929824561403
171,RAJASTHAN (8),RAJSAMAND (112),112,Kumbhalgarh(676),174.0,54379.0,27498.0,26707.0,13712.0,1.0192307692307692,2.3461538461538463,0.8173076923076923,0.0576923076923077,3.7307692307692313,1.8846153846153848,5.2980769230769225,2.5961538461538463,0.038461538461538464,0.2307692307692308,0.7884615384615384,0.019230769230769232,0.15384615384615385,3.1346153846153846,0.9134615384615384,2.1153846153846154,0.22115384615384612,0.4807692307692308,3.3653846153846154,2.9230769230769234,0.07692307692307693,0.5,0.7019230769230769,0.0,0.038461538461538464,0.038461538461538464
172,RAJASTHAN (8),RAJSAMAND (112),112,Nathdwara(678),176.0,44922.0,17922.0,17273.0,8122.0,1.3833333333333333,2.783333333333333,1.2166666666666666,0.0,3.966666666666667,2.1333333333333333,4.95,2.7333333333333334,0.06666666666666668,0.3333333333333333,0.5333333333333333,0.1,0.4666666666666667,4.116666666666666,1.1666666666666667,2.2,0.38333333333333336,0.65,3.9,2.4,0.4,0.6666666666666666,0.38333333333333336,0.0,0.0,0.1
173,RAJASTHAN (8),RAJSAMAND (112),112,Rajsamand(679),175.0,52660.0,26547.0,26088.0,13606.0,1.8666666666666667,3.4222222222222216,1.3333333333333333,0.022222222222222227,3.933333333333333,2.1333333333333333,5.455555555555557,2.4888888888888894,0.1111111111111111,0.4222222222222222,0.8,0.022222222222222227,0.3111111111111111,3.9,1.3666666666666667,2.1333333333333333,0.2888888888888889,0.6333333333333333,3.6777777777777776,2.7555555555555555,0.1111111111111111,0.6,0.8222222222222222,0.0,0.08888888888888889,0.0
174,RAJASTHAN (8),SAWAI MADHOPUR (113),113,Bamanwas(688),91.0,31663.0,17025.0,14452.0,7394.0,0.9761904761904762,2.8809523809523814,1.0238095238095235,0.2380952380952381,3.571428571428572,1.2857142857142858,4.976190476190476,2.023809523809524,0.047619047619047616,0.09523809523809523,0.9523809523809524,0.0,0.19047619047619047,3.928571428571429,1.1428571428571428,1.761904761904762,0.2857142857142857,0.7857142857142857,2.095238095238096,2.4047619047619047,0.19047619047619047,0.19047619047619047,0.8571428571428571,0.047619047619047616,0.047619047619047616,0.2857142857142857
175,RAJASTHAN (8),SAWAI MADHOPUR (113),113,Gangapur(690),90.0,82486.0,43673.0,38713.0,17778.0,0.796875,2.78125,0.65625,0.0,3.9375,0.1875,5.96875,2.09375,0.0,0.40625,0.125,0.03125,0.0,3.53125,1.578125,3.0,0.25,0.40625,3.765625,3.609375,0.0,0.03125,0.09375,0.0,0.03125,0.03125
176,RAJASTHAN (8),SAWAI MADHOPUR (113),113,Khandar(691),93.0,27906.0,14551.0,13225.0,5976.0,0.9473684210526316,3.0,0.6842105263157895,0.05263157894736842,3.4736842105263164,0.21052631578947367,5.2631578947368425,2.3684210526315788,0.10526315789473684,0.15789473684210525,0.7368421052631579,0.15789473684210525,0.3157894736842105,3.3947368421052637,0.8421052631578947,2.0789473684210527,0.18421052631578946,0.4473684210526316,3.0263157894736836,3.1842105263157894,0.21052631578947367,0.21052631578947367,0.9473684210526316,0.0,0.05263157894736842,0.0
177,RAJASTHAN (8),SAWAI MADHOPUR (113),113,Sawai madhopur(694),92.0,29528.0,14045.0,12518.0,5986.0,1.318181818181818,3.0681818181818183,1.2272727272727273,0.0,3.272727272727273,1.181818181818182,5.363636363636363,1.3409090909090908,0.0,0.2727272727272727,0.3636363636363637,0.045454545454545456,0.3181818181818182,3.522727272727273,1.0454545454545454,2.659090909090909,0.6818181818181818,1.1136363636363635,2.159090909090909,2.363636363636364,0.045454545454545456,0.13636363636363635,0.7727272727272727,0.0,0.0,0.045454545454545456
178,RAJASTHAN (8),SAWAI MADHOPUR (113),113,Tonk(695),96.0,63623.0,33066.0,30544.0,13047.0,1.2291666666666667,2.369791666666667,1.0052083333333337,0.02083333333333333,3.78125,1.9270833333333333,4.692708333333334,2.135416666666667,0.02083333333333333,0.16666666666666666,0.34375,0.010416666666666666,0.2395833333333333,3.375,1.4895833333333333,1.2604166666666667,0.38020833333333337,1.6927083333333333,2.546875,1.5364583333333333,0.0,0.16666666666666666,0.06770833333333333,0.0,0.010416666666666666,0.02083333333333333
179,RAJASTHAN (8),SIKAR (114),114,Danta ramgarh(681),36.0,64372.0,29784.0,26287.0,16334.0,2.15,3.25,2.1,0.0,3.55,1.7,5.425,2.625,0.2,0.4,0.55,0.2,0.35,5.4,1.375,3.05,0.525,1.025,3.525,2.65,0.1,0.5,0.375,0.0,0.15,0.15
180,RAJASTHAN (8),SIKAR (114),114,Dhod(682),34.0,83691.0,43437.0,40244.0,16554.0,1.2857142857142858,3.0,1.5857142857142856,0.057142857142857134,4.0,2.142857142857143,5.6,2.6,0.11428571428571427,0.42857142857142855,0.6857142857142857,0.028571428571428567,0.5142857142857142,5.0285714285714285,1.3428571428571427,2.9714285714285715,0.2571428571428571,0.4,4.971428571428572,3.3428571428571434,0.08571428571428573,0.42857142857142855,0.8,0.0,0.11428571428571427,0.028571428571428567
181,RAJASTHAN (8),SIKAR (114),114,Fatehpur(624),32.0,13728.0,7054.0,6674.0,2496.0,0.5,2.6111111111111107,0.5555555555555556,0.0,4.0,2.1111111111111107,5.833333333333332,2.888888888888889,0.0,0.2222222222222222,0.3333333333333333,0.0,0.2222222222222222,3.388888888888889,1.0,1.9444444444444444,0.16666666666666666,0.3333333333333333,3.0,2.5,0.1111111111111111,0.4444444444444444,0.6111111111111112,0.0,0.1111111111111111,0.0
182,RAJASTHAN (8),SIKAR (114),114,Khandela(683),37.0,43142.0,22199.0,20886.0,9583.0,1.6052631578947367,2.3684210526315788,1.6578947368421053,0.2631578947368421,4.0,1.263157894736842,5.289473684210527,2.3684210526315788,0.15789473684210525,0.5263157894736842,0.3684210526315789,0.15789473684210525,0.4736842105263158,5.552631578947367,1.2105263157894737,3.0,0.2894736842105263,0.7894736842105263,3.736842105263158,2.7105263157894743,0.21052631578947367,0.5263157894736842,0.5263157894736842,0.0,0.10526315789473684,0.3157894736842105
183,RAJASTHAN (8),SIKAR (114),114,Lachhmangarh(684),33.0,68549.0,35084.0,33461.0,15174.0,0.96875,3.0,1.96875,0.0,4.0,2.09375,5.609375,2.9375,0.21875,0.40625,0.71875,0.0625,0.34375,4.515625,1.484375,3.0,0.328125,0.90625,3.796875,2.390625,0.09375,0.5,0.28125,0.03125,0.0625,0.09375
184,RAJASTHAN (8),SIKAR (114),114,Neem ka thana(685),38.0,38093.0,20036.0,17932.0,7188.0,1.947368421052632,2.8947368421052637,1.7105263157894737,0.0,3.947368421052632,1.8421052631578947,5.394736842105262,2.736842105263158,0.10526315789473684,0.42105263157894735,0.5789473684210527,0.05263157894736842,0.5789473684210527,4.631578947368421,1.263157894736842,2.6842105263157894,0.42105263157894735,1.0789473684210529,3.842105263157895,1.9210526315789476,0.05263157894736842,0.42105263157894735,0.18421052631578946,0.0,0.15789473684210525,0.2631578947368421
185,RAJASTHAN (8),SIKAR (114),114,Sikar(686),35.0,51921.0,27824.0,23947.0,10176.0,2.1153846153846154,3.2307692307692313,2.1346153846153846,0.07692307692307693,3.9230769230769234,2.3076923076923075,5.903846153846153,2.5576923076923075,0.19230769230769232,0.5,0.4615384615384616,0.15384615384615385,0.3461538461538461,5.057692307692308,1.8269230769230769,3.3076923076923075,0.4807692307692308,1.0192307692307692,4.730769230769232,2.269230769230769,0.2692307692307692,0.5769230769230769,0.6730769230769231,0.1153846153846154,0.19230769230769232,0.19230769230769232
186,RAJASTHAN (8),SIKAR (114),114,Srimadhopur(687),39.0,58296.0,30759.0,27331.0,10516.0,3.03125,3.375,3.0625,0.0,4.0,1.4375,5.4375,2.4375,0.4375,0.625,0.625,0.1875,0.4375,5.125,1.40625,2.78125,0.46875,1.0,4.78125,2.28125,0.1875,0.5,0.5625,0.125,0.125,0.0625
187,RAJASTHAN (8),SIROHI (115),115,Pindwara abu(611),147.0,130158.0,67240.0,61647.0,25438.0,1.5,2.9418604651162785,1.3604651162790695,0.0,3.13953488372093,1.3953488372093024,5.918604651162791,2.255813953488372,0.02325581395348837,0.4883720930232558,0.372093023255814,0.02325581395348837,0.4418604651162791,4.127906976744186,1.4883720930232558,2.4186046511627906,0.2325581395348837,0.8255813953488372,4.0813953488372094,2.581395348837209,0.4883720930232558,0.372093023255814,1.069767441860465,0.0,0.09302325581395347,0.02325581395348837
188,RAJASTHAN (8),SIROHI (115),115,Reodar(613),148.0,106822.0,55410.0,51224.0,22824.0,1.6162790697674418,3.5348837209302326,1.7674418604651163,0.06976744186046513,3.651162790697674,1.5348837209302326,5.325581395348837,2.8372093023255816,0.13953488372093026,0.3953488372093023,0.8372093023255814,0.06976744186046513,0.5348837209302325,4.406976744186046,1.1744186046511629,2.755813953488372,0.2441860465116279,1.0,4.441860465116279,2.1976744186046506,0.3488372093023256,0.5116279069767442,0.22093023255813954,0.02325581395348837,0.13953488372093026,0.09302325581395347
189,RAJASTHAN (8),SIROHI (115),115,Sirohi(615),146.0,148091.0,75860.0,69350.0,35530.0,1.1578947368421053,2.293859649122807,1.0219298245614037,0.03508771929824561,3.684210526315789,0.7543859649122807,5.63157894736842,2.736842105263158,0.017543859649122806,0.21929824561403508,0.8771929824561404,0.05263157894736842,0.2280701754385965,4.684210526315789,1.6973684210526314,3.3289473684210527,0.4342105263157895,0.6359649122807017,4.9298245614035086,3.0877192982456134,0.13157894736842105,0.763157894736842,0.2368421052631579,0.0,0.02631578947368421,0.543859649122807
190,RAJASTHAN (8),TONK (116),116,Deoli - uniara(689),97.0,17756.0,9304.0,8445.0,5315.0,1.5,3.138888888888889,1.5555555555555556,0.2222222222222222,3.555555555555556,1.2777777777777777,3.9444444444444446,2.5,0.05555555555555555,0.2222222222222222,0.5,0.0,0.05555555555555555,2.4722222222222223,0.6111111111111112,1.6944444444444444,0.25,0.4166666666666667,2.5277777777777777,2.861111111111111,0.0,0.2222222222222222,0.7222222222222222,0.0,0.05555555555555555,0.05555555555555555
191,RAJASTHAN (8),TONK (116),116,Malpura(692),94.0,26509.0,14183.0,12325.0,5764.0,0.5882352941176471,1.9117647058823528,1.5882352941176472,0.05882352941176471,2.8823529411764706,0.9411764705882352,4.441176470588236,2.411764705882353,0.0,0.35294117647058826,0.8235294117647058,0.0,0.1176470588235294,3.4411764705882355,1.0588235294117647,2.588235294117647,0.3235294117647059,0.2352941176470588,2.9117647058823533,2.735294117647059,0.05882352941176471,0.1176470588235294,0.4705882352941176,0.0,0.0,0.05882352941176471
192,RAJASTHAN (8),TONK (116),116,Niwai(693),95.0,28316.0,15034.0,13182.0,10187.0,0.9772727272727272,3.0454545454545454,1.7045454545454546,0.045454545454545456,3.8181818181818175,1.9545454545454544,4.363636363636363,2.636363636363636,0.2272727272727273,0.2272727272727273,0.5909090909090909,0.09090909090909093,0.09090909090909093,3.5,1.068181818181818,1.8636363636363635,0.2954545454545455,0.5909090909090909,2.9318181818181817,2.9318181818181817,0.18181818181818185,0.4090909090909091,1.2272727272727273,0.0,0.13636363636363635,0.0
193,RAJASTHAN (8),TONK (116),116,Tonk(695),96.0,63623.0,33066.0,30544.0,13047.0,1.2291666666666667,2.369791666666667,1.0052083333333337,0.02083333333333333,3.78125,1.9270833333333333,4.692708333333334,2.135416666666667,0.02083333333333333,0.16666666666666666,0.34375,0.010416666666666666,0.2395833333333333,3.375,1.4895833333333333,1.2604166666666667,0.38020833333333337,1.6927083333333333,2.546875,1.5364583333333333,0.0,0.16666666666666666,0.06770833333333333,0.0,0.010416666666666666,0.02083333333333333
194,RAJASTHAN (8),UDAIPUR (117),117,Dhariawad(697),157.0,7404.0,3799.0,3605.0,1900.0,2.75,4.65,3.2,0.3,2.0,1.1,5.8,1.5,0.7,0.8,0.6,0.1,0.6,3.15,1.65,3.1,0.25,0.1,4.9,3.0,0.1,0.2,1.1,0.0,0.1,0.1
195,RAJASTHAN (8),UDAIPUR (117),117,Gogunda(698),149.0,11219.0,5537.0,5632.0,2507.0,3.0526315789473686,3.842105263157895,3.7894736842105265,1.368421052631579,3.2105263157894735,1.3157894736842106,6.578947368421053,1.368421052631579,0.6842105263157895,0.6842105263157895,0.7894736842105263,0.5789473684210527,0.4736842105263158,6.605263157894738,1.5,4.605263157894737,1.5,1.8157894736842104,4.605263157894737,1.8421052631578947,0.7894736842105263,0.7368421052631579,0.5,2.0526315789473686,0.6842105263157895,0.7894736842105263
196,RAJASTHAN (8),UDAIPUR (117),117,Jamwa ramgarh(602),48.0,41106.0,22199.0,18779.0,9453.0,1.4021739130434785,2.391304347826087,1.6847826086956523,0.06521739130434782,4.0,0.15217391304347827,5.065217391304348,1.608695652173913,0.0,0.15217391304347827,0.2826086956521739,0.021739130434782608,0.06521739130434782,2.6956521739130435,0.6086956521739131,1.076086956521739,0.14130434782608695,0.32608695652173914,1.923913043478261,2.565217391304348,0.13043478260869565,0.10869565217391304,0.3913043478260869,0.043478260869565216,0.043478260869565216,0.08695652173913042
197,RAJASTHAN (8),UDAIPUR (117),117,Jhadol(699),150.0,25460.0,13206.0,12011.0,4779.0,1.7333333333333334,2.6333333333333333,1.3666666666666667,0.13333333333333333,2.2,0.8,5.7333333333333325,1.3666666666666667,0.4666666666666667,0.4,0.7333333333333333,0.13333333333333333,0.7333333333333333,2.6666666666666665,0.7666666666666667,2.466666666666667,0.2,2.033333333333333,3.633333333333333,3.2666666666666666,0.6666666666666666,0.06666666666666668,2.1666666666666665,0.2,0.13333333333333333,0.5333333333333333
198,RAJASTHAN (8),UDAIPUR (117),117,Kherwara(700),151.0,7814.0,4053.0,3421.0,3110.0,0.5,3.083333333333333,1.3333333333333333,0.0,2.1666666666666665,0.0,5.416666666666668,1.5,0.0,0.5,0.5,0.0,0.0,2.9166666666666665,0.6666666666666666,2.25,0.16666666666666666,0.4166666666666667,1.9166666666666667,3.083333333333333,0.0,0.16666666666666666,1.75,0.0,0.0,0.0
199,RAJASTHAN (8),UDAIPUR (117),117,Mavli(564),154.0,28314.0,14627.0,13633.0,6137.0,0.7142857142857143,2.833333333333333,1.4047619047619049,0.0,3.571428571428572,1.5714285714285714,5.238095238095238,2.8095238095238093,0.0,0.3809523809523809,0.8095238095238095,0.0,0.8095238095238095,3.761904761904762,0.8095238095238095,2.238095238095238,0.2380952380952381,0.8333333333333334,4.119047619047619,3.095238095238096,0.0,0.14285714285714285,0.16666666666666666,0.0,0.0,0.0
200,RAJASTHAN (8),UDAIPUR (117),117,Salumber(701),156.0,13087.0,7138.0,5948.0,2389.0,1.5,3.1875,1.6875,0.375,3.0,0.25,5.0,2.25,0.25,0.875,0.125,0.125,0.25,3.75,1.0,2.3125,0.4375,1.0625,3.25,4.1875,0.25,0.375,0.6875,0.0,0.125,0.125
201,RAJASTHAN (8),UDAIPUR (117),117,Udaipur Rural(703),152.0,14185.0,6913.0,6561.0,4044.0,0.625,3.0,1.875,0.125,3.5,1.125,5.875,2.625,0.0,0.5,0.75,0.125,0.5,4.1875,1.0625,2.75,0.375,0.6875,4.25,2.8125,0.0,0.375,0.75,0.0,0.0,0.125
202,RAJASTHAN (8),UDAIPUR (117),117,Udaipur(702),153.0,11290.0,6083.0,5207.0,2591.0,2.375,3.5,1.125,0.0,4.0,1.75,5.5,2.25,0.25,0.75,0.5,0.0,0.5,4.625,1.375,2.5,1.0,1.625,4.375,3.625,0.25,0.75,0.75,0.0,0.0,0.0
203,RAJASTHAN (8),UDAIPUR (117),117,Vallabh Nagar(567),155.0,2100.0,1048.0,1052.0,631.0,0.8333333333333334,2.0,0.8333333333333334,0.0,3.6666666666666665,0.6666666666666666,5.0,2.333333333333333,0.0,0.3333333333333333,0.6666666666666666,0.0,0.3333333333333333,2.1666666666666665,0.6666666666666666,1.1666666666666667,0.16666666666666666,0.3333333333333333,3.8333333333333335,2.833333333333333,0.0,0.0,0.3333333333333333,0.0,0.0,0.0
